EmployeeNumber,MonthlyIncome,PercentSalaryHike,BusinessTravel,Attrition,EmployeeCount
1,5993,11,Travel_Rarely,Yes,1
2,5130,23,Travel_Frequently,No,1
4,2090,15,Travel_Rarely,Yes,1
5,2909,11,Travel_Frequently,No,1
7,3468,12,Travel_Rarely,No,1
8,3068,13,Travel_Frequently,No,1
10,2670,20,Travel_Rarely,No,1
11,2693,22,Travel_Rarely,No,1
12,9526,21,Travel_Frequently,No,1
13,5237,13,Travel_Rarely,No,1
14,2426,13,Travel_Rarely,No,1
15,4193,12,Travel_Rarely,No,1
16,2911,17,Travel_Rarely,No,1
18,2661,11,Travel_Rarely,No,1
19,2028,14,Travel_Rarely,Yes,1
20,9980,11,Travel_Rarely,No,1
21,3298,12,Travel_Rarely,No,1
22,2935,13,Non-Travel,No,1
23,15427,16,Travel_Rarely,No,1
24,3944,11,Travel_Rarely,No,1
26,4011,18,Non-Travel,No,1
27,3407,23,Travel_Rarely,Yes,1
28,11994,11,Travel_Rarely,No,1
30,1232,14,Travel_Rarely,No,1
31,2960,11,Travel_Rarely,Yes,1
32,19094,11,Travel_Rarely,No,1
33,3919,22,Travel_Frequently,Yes,1
35,6825,11,Travel_Rarely,No,1
36,10248,14,Travel_Rarely,No,1
38,18947,12,Travel_Rarely,No,1
39,2496,11,Travel_Rarely,No,1
40,6465,13,Travel_Rarely,No,1
41,2206,13,Travel_Rarely,No,1
42,2086,14,Travel_Rarely,Yes,1
45,2293,16,Travel_Rarely,Yes,1
46,2645,12,Travel_Rarely,No,1
47,2683,14,Travel_Rarely,Yes,1
49,2014,13,Travel_Rarely,No,1
51,3419,14,Travel_Rarely,No,1
52,5376,19,Travel_Frequently,No,1
53,1951,12,Travel_Rarely,No,1
54,2341,13,Travel_Rarely,No,1
55,2293,12,Travel_Rarely,Yes,1
56,8726,15,Travel_Frequently,No,1
57,4011,23,Travel_Frequently,No,1
58,19545,12,Travel_Rarely,Yes,1
60,4568,20,Non-Travel,No,1
61,3022,21,Travel_Rarely,No,1
62,5772,21,Travel_Frequently,No,1
63,2269,19,Travel_Rarely,No,1
64,5381,13,Travel_Rarely,Yes,1
65,3441,13,Travel_Rarely,Yes,1
68,5454,21,Travel_Rarely,No,1
70,9884,13,Non-Travel,No,1
72,4157,19,Travel_Rarely,No,1
73,13458,12,Travel_Frequently,No,1
74,9069,22,Travel_Frequently,No,1
75,4014,15,Travel_Rarely,No,1
76,5915,22,Travel_Rarely,No,1
77,5993,18,Travel_Rarely,No,1
78,6162,22,Travel_Rarely,No,1
79,2406,11,Travel_Frequently,No,1
80,18740,12,Travel_Rarely,No,1
81,7637,11,Travel_Rarely,No,1
83,10096,13,Travel_Rarely,No,1
84,14756,14,Travel_Rarely,No,1
85,6499,13,Travel_Frequently,No,1
86,9724,17,Travel_Rarely,No,1
88,2194,13,Travel_Frequently,No,1
90,3388,17,Travel_Rarely,Yes,1
91,5473,11,Travel_Frequently,No,1
94,2703,23,Travel_Rarely,No,1
95,2501,17,Travel_Rarely,No,1
96,6220,17,Travel_Rarely,No,1
97,3038,12,Travel_Rarely,No,1
98,4424,23,Travel_Rarely,No,1
100,4312,14,Travel_Rarely,No,1
101,13245,14,Travel_Rarely,No,1
102,13664,13,Travel_Rarely,No,1
103,5021,22,Travel_Rarely,No,1
104,5126,12,Travel_Rarely,No,1
105,2859,18,Travel_Rarely,No,1
106,10239,14,Travel_Rarely,No,1
107,5329,12,Non-Travel,No,1
110,4325,15,Travel_Rarely,No,1
112,7260,11,Travel_Rarely,No,1
113,2322,13,Travel_Rarely,No,1
116,2075,23,Travel_Rarely,No,1
117,4152,19,Travel_Rarely,No,1
118,9619,16,Travel_Rarely,Yes,1
119,13503,22,Travel_Frequently,No,1
120,5441,22,Travel_Rarely,No,1
121,5209,12,Travel_Rarely,No,1
124,10673,13,Travel_Frequently,No,1
125,5010,16,Travel_Rarely,No,1
126,13549,12,Travel_Rarely,No,1
128,4999,21,Travel_Rarely,No,1
129,4221,15,Non-Travel,No,1
131,13872,13,Travel_Rarely,No,1
132,2042,12,Non-Travel,No,1
133,2073,22,Travel_Rarely,Yes,1
134,2956,13,Travel_Rarely,No,1
137,2926,18,Travel_Frequently,Yes,1
138,4809,14,Travel_Rarely,No,1
139,5163,14,Non-Travel,No,1
140,18844,21,Non-Travel,No,1
141,18172,19,Travel_Frequently,No,1
142,5744,11,Travel_Rarely,Yes,1
143,2889,11,Travel_Rarely,No,1
144,2871,15,Travel_Rarely,No,1
145,7484,20,Travel_Frequently,No,1
147,6074,24,Travel_Frequently,Yes,1
148,17328,12,Non-Travel,No,1
150,2774,12,Travel_Rarely,No,1
151,4505,15,Travel_Rarely,No,1
152,7428,12,Travel_Rarely,No,1
153,11631,12,Travel_Rarely,No,1
154,9738,14,Travel_Frequently,No,1
155,2835,22,Travel_Rarely,No,1
158,16959,12,Travel_Frequently,No,1
159,2613,25,Travel_Frequently,No,1
160,6146,13,Non-Travel,No,1
161,4963,18,Travel_Rarely,Yes,1
162,19537,13,Travel_Rarely,No,1
163,6172,18,Travel_Rarely,Yes,1
164,2368,19,Travel_Rarely,No,1
165,10312,12,Travel_Rarely,Yes,1
167,1675,19,Travel_Rarely,Yes,1
169,2523,14,Travel_Rarely,No,1
170,6567,14,Travel_Rarely,No,1
171,4739,12,Travel_Frequently,No,1
174,9208,11,Travel_Frequently,No,1
175,4559,11,Travel_Rarely,Yes,1
176,8189,13,Travel_Rarely,No,1
177,2942,23,Travel_Rarely,No,1
178,4941,20,Travel_Rarely,No,1
179,10650,15,Travel_Frequently,Yes,1
182,5902,14,Travel_Rarely,No,1
183,8639,18,Travel_Rarely,No,1
184,6347,19,Travel_Rarely,No,1
190,4200,22,Travel_Rarely,Yes,1
192,3452,13,Travel_Rarely,No,1
193,4317,20,Travel_Rarely,No,1
194,2632,14,Travel_Rarely,No,1
195,4668,17,Travel_Frequently,No,1
197,3204,14,Travel_Rarely,No,1
198,2720,13,Travel_Rarely,No,1
199,17181,13,Travel_Frequently,No,1
200,2238,21,Travel_Rarely,No,1
201,1483,14,Travel_Rarely,No,1
202,5605,11,Travel_Frequently,No,1
204,7295,13,Travel_Rarely,No,1
205,2306,20,Travel_Rarely,No,1
206,2348,18,Travel_Rarely,No,1
207,8998,14,Travel_Frequently,No,1
208,4319,13,Non-Travel,No,1
211,6132,17,Travel_Rarely,No,1
214,3346,20,Travel_Rarely,No,1
215,10855,11,Travel_Rarely,No,1
216,2231,18,Travel_Frequently,No,1
217,2323,24,Travel_Rarely,No,1
218,2024,18,Non-Travel,No,1
221,2713,11,Travel_Rarely,No,1
223,9439,16,Travel_Rarely,No,1
224,2566,15,Non-Travel,No,1
226,19926,15,Travel_Rarely,No,1
227,2451,12,Travel_Rarely,No,1
228,9419,12,Travel_Rarely,No,1
230,8686,22,Travel_Rarely,No,1
231,3038,20,Travel_Rarely,No,1
233,3058,16,Travel_Rarely,No,1
235,2325,21,Travel_Frequently,Yes,1
238,2088,12,Travel_Frequently,No,1
239,3072,11,Non-Travel,No,1
240,5006,11,Travel_Rarely,No,1
241,4257,18,Travel_Rarely,No,1
242,2500,14,Travel_Rarely,No,1
243,1102,22,Travel_Rarely,Yes,1
244,10453,25,Travel_Rarely,No,1
245,2288,12,Travel_Rarely,No,1
246,3929,23,Travel_Rarely,No,1
247,2311,15,Travel_Rarely,No,1
248,3140,22,Travel_Rarely,Yes,1
249,3690,15,Travel_Rarely,No,1
250,4450,11,Travel_Rarely,No,1
252,2756,13,Travel_Rarely,No,1
253,19033,14,Travel_Rarely,No,1
254,18722,11,Travel_Rarely,No,1
256,9547,17,Travel_Frequently,No,1
258,13734,18,Travel_Rarely,No,1
259,19999,14,Travel_Rarely,No,1
260,2279,16,Travel_Rarely,No,1
261,5916,13,Travel_Rarely,Yes,1
262,2089,14,Non-Travel,No,1
264,16792,23,Non-Travel,No,1
267,3564,12,Travel_Rarely,No,1
269,4425,11,Travel_Frequently,No,1
270,5265,16,Non-Travel,No,1
271,6553,14,Travel_Rarely,No,1
273,6261,18,Travel_Rarely,No,1
274,4298,19,Travel_Frequently,No,1
275,6804,15,Non-Travel,No,1
277,3815,17,Travel_Frequently,No,1
281,2741,15,Travel_Rarely,No,1
282,6673,19,Travel_Rarely,Yes,1
283,7639,22,Travel_Rarely,Yes,1
284,2328,16,Travel_Rarely,No,1
286,2153,13,Travel_Frequently,No,1
287,4876,14,Non-Travel,No,1
288,9396,16,Travel_Rarely,No,1
291,10400,11,Travel_Rarely,Yes,1
292,8474,22,Non-Travel,No,1
293,9981,14,Travel_Frequently,No,1
296,12490,16,Travel_Rarely,No,1
297,2657,11,Travel_Rarely,Yes,1
298,13591,18,Travel_Rarely,No,1
299,6696,15,Travel_Frequently,Yes,1
300,2058,14,Travel_Rarely,Yes,1
302,8865,12,Non-Travel,No,1
303,5940,14,Travel_Rarely,No,1
304,5914,16,Travel_Rarely,No,1
305,2622,21,Travel_Rarely,No,1
306,12185,14,Travel_Frequently,No,1
307,10609,12,Travel_Rarely,No,1
308,4345,12,Non-Travel,No,1
309,2177,17,Travel_Rarely,No,1
311,2793,17,Travel_Frequently,No,1
312,7918,14,Travel_Frequently,No,1
314,8789,14,Travel_Frequently,No,1
315,2389,13,Travel_Rarely,Yes,1
316,3212,15,Travel_Rarely,No,1
319,19232,11,Travel_Rarely,No,1
321,2267,17,Travel_Rarely,No,1
323,19517,11,Travel_Rarely,No,1
325,2436,13,Travel_Rarely,Yes,1
327,16064,22,Travel_Rarely,No,1
328,2707,20,Travel_Rarely,Yes,1
329,19068,18,Non-Travel,No,1
330,3931,11,Travel_Rarely,No,1
331,3730,14,Travel_Rarely,Yes,1
332,2232,14,Travel_Rarely,No,1
333,4465,18,Non-Travel,No,1
334,3072,16,Travel_Rarely,No,1
335,3319,17,Travel_Rarely,No,1
336,19202,11,Travel_Rarely,No,1
337,13675,12,Travel_Frequently,No,1
338,2911,13,Travel_Rarely,No,1
339,5957,13,Travel_Rarely,No,1
340,3920,14,Travel_Rarely,No,1
341,6434,17,Travel_Frequently,No,1
342,10048,11,Travel_Frequently,Yes,1
343,10938,25,Travel_Frequently,No,1
346,2340,19,Travel_Rarely,No,1
347,6545,13,Travel_Rarely,No,1
349,6931,14,Travel_Rarely,No,1
350,4898,12,Travel_Rarely,No,1
351,2593,11,Travel_Rarely,No,1
352,19436,19,Travel_Rarely,No,1
353,2723,11,Travel_Rarely,No,1
355,3479,11,Travel_Frequently,Yes,1
359,2794,20,Travel_Frequently,No,1
361,5249,18,Non-Travel,No,1
362,2176,13,Travel_Rarely,No,1
363,16872,12,Travel_Rarely,No,1
364,3485,11,Travel_Rarely,Yes,1
366,6644,19,Travel_Rarely,No,1
367,5582,21,Travel_Rarely,No,1
369,4000,12,Non-Travel,No,1
372,13496,14,Travel_Rarely,No,1
373,3210,11,Travel_Rarely,No,1
374,19045,14,Travel_Rarely,No,1
376,11849,12,Non-Travel,Yes,1
377,2070,23,Travel_Rarely,No,1
378,6502,14,Travel_Rarely,No,1
379,3230,17,Travel_Rarely,No,1
380,13603,18,Non-Travel,No,1
381,11996,18,Travel_Rarely,No,1
382,5605,24,Travel_Rarely,No,1
384,6397,20,Travel_Frequently,No,1
385,19144,14,Travel_Rarely,No,1
386,17584,16,Travel_Rarely,No,1
387,4907,25,Travel_Rarely,No,1
388,4554,18,Travel_Frequently,No,1
389,5415,19,Travel_Rarely,No,1
390,4741,13,Travel_Frequently,No,1
391,2115,12,Travel_Rarely,No,1
392,3161,22,Travel_Frequently,Yes,1
393,5745,14,Travel_Rarely,No,1
394,2373,13,Travel_Rarely,Yes,1
395,3310,21,Travel_Rarely,No,1
396,18665,11,Travel_Frequently,No,1
397,4485,12,Travel_Rarely,No,1
399,2789,11,Travel_Frequently,No,1
401,5828,12,Travel_Rarely,Yes,1
403,2326,12,Travel_Frequently,No,1
404,13525,14,Travel_Frequently,No,1
405,1420,13,Travel_Rarely,Yes,1
406,8020,15,Travel_Rarely,No,1
407,3688,18,Travel_Frequently,No,1
408,5482,18,Travel_Rarely,No,1
410,16015,19,Travel_Rarely,No,1
411,1200,12,Travel_Rarely,No,1
412,5661,19,Travel_Rarely,No,1
416,6929,11,Travel_Rarely,No,1
417,9613,17,Travel_Rarely,No,1
419,5674,15,Non-Travel,No,1
420,5484,14,Travel_Rarely,No,1
421,12061,17,Travel_Rarely,No,1
422,5660,13,Non-Travel,No,1
423,4821,12,Travel_Rarely,No,1
424,6410,12,Travel_Rarely,No,1
425,5210,18,Travel_Frequently,No,1
426,2695,18,Travel_Rarely,No,1
428,11878,11,Travel_Frequently,No,1
429,17068,14,Travel_Rarely,No,1
430,2455,19,Travel_Frequently,No,1
431,13964,12,Travel_Rarely,No,1
433,4941,15,Travel_Rarely,Yes,1
434,2478,12,Travel_Rarely,No,1
436,5228,11,Travel_Rarely,No,1
437,4478,11,Travel_Rarely,No,1
438,7547,12,Travel_Rarely,No,1
439,5055,16,Travel_Rarely,No,1
440,3464,13,Travel_Rarely,Yes,1
441,5775,13,Travel_Rarely,No,1
442,8943,24,Travel_Frequently,No,1
444,19272,15,Travel_Frequently,No,1
445,5238,18,Travel_Rarely,Yes,1
446,4682,14,Travel_Frequently,No,1
447,18300,11,Travel_Rarely,No,1
448,5257,11,Travel_Frequently,No,1
449,6349,13,Non-Travel,No,1
450,4869,12,Travel_Frequently,No,1
451,9985,16,Travel_Rarely,No,1
452,3697,14,Travel_Rarely,No,1
453,7457,22,Travel_Rarely,No,1
454,2119,11,Travel_Rarely,Yes,1
455,3983,17,Travel_Rarely,No,1
456,6118,13,Travel_Rarely,No,1
458,6214,18,Travel_Rarely,No,1
460,6347,16,Travel_Rarely,No,1
461,11510,14,Travel_Rarely,No,1
462,7143,14,Travel_Rarely,No,1
463,8268,14,Travel_Rarely,No,1
464,8095,13,Travel_Rarely,No,1
465,2904,12,Travel_Rarely,No,1
466,6032,15,Travel_Rarely,No,1
467,2976,19,Travel_Frequently,No,1
468,15992,14,Travel_Rarely,No,1
469,4649,14,Non-Travel,No,1
470,2696,11,Travel_Rarely,No,1
471,2370,13,Travel_Rarely,No,1
473,12504,21,Travel_Rarely,No,1
474,5974,13,Travel_Rarely,No,1
475,4736,12,Non-Travel,No,1
476,5296,17,Travel_Rarely,No,1
477,6781,23,Travel_Rarely,No,1
478,2174,11,Travel_Frequently,Yes,1
479,6653,15,Non-Travel,No,1
481,9699,11,Travel_Frequently,No,1
482,6755,11,Travel_Rarely,No,1
483,2213,13,Travel_Rarely,No,1
484,2610,24,Non-Travel,No,1
485,2851,13,Travel_Rarely,Yes,1
486,3452,20,Travel_Rarely,No,1
487,5258,14,Non-Travel,No,1
488,9355,18,Travel_Frequently,Yes,1
491,10496,15,Travel_Rarely,No,1
492,6380,12,Travel_Rarely,Yes,1
493,2657,16,Travel_Rarely,No,1
494,2716,15,Travel_Rarely,Yes,1
495,2201,16,Travel_Rarely,No,1
496,6540,19,Travel_Rarely,No,1
497,3816,11,Travel_Rarely,No,1
498,5253,16,Travel_Rarely,No,1
499,10965,24,Travel_Rarely,No,1
500,4936,11,Travel_Rarely,No,1
501,2543,13,Travel_Rarely,No,1
502,5304,13,Non-Travel,Yes,1
505,16659,13,Travel_Rarely,No,1
507,4260,12,Travel_Rarely,No,1
508,2476,18,Travel_Rarely,No,1
510,3102,22,Travel_Frequently,Yes,1
511,2244,13,Travel_Rarely,No,1
513,7596,13,Travel_Rarely,No,1
514,2285,23,Travel_Frequently,Yes,1
515,3034,12,Travel_Rarely,No,1
516,5715,12,Travel_Rarely,No,1
517,2576,16,Travel_Rarely,No,1
518,4197,12,Travel_Rarely,No,1
520,14336,11,Travel_Rarely,No,1
521,3448,22,Travel_Rarely,No,1
522,19406,11,Travel_Rarely,No,1
523,6538,15,Non-Travel,No,1
524,4306,12,Travel_Rarely,No,1
525,2258,20,Travel_Frequently,No,1
526,4522,14,Travel_Rarely,No,1
527,4487,11,Travel_Rarely,No,1
529,4449,15,Non-Travel,No,1
530,2218,12,Travel_Rarely,No,1
531,19197,14,Travel_Frequently,No,1
532,13212,11,Travel_Frequently,No,1
533,6577,11,Travel_Rarely,No,1
534,8392,16,Travel_Rarely,No,1
536,4558,12,Travel_Rarely,No,1
538,4031,13,Travel_Rarely,Yes,1
543,7969,14,Travel_Rarely,No,1
544,2654,21,Travel_Rarely,No,1
546,16555,13,Travel_Rarely,No,1
547,4556,11,Travel_Frequently,No,1
548,6091,20,Travel_Rarely,No,1
549,19566,11,Travel_Rarely,No,1
550,4810,14,Travel_Rarely,No,1
551,4523,11,Travel_Frequently,No,1
554,3202,16,Travel_Rarely,Yes,1
555,2351,16,Travel_Frequently,Yes,1
556,1702,23,Travel_Frequently,No,1
558,18041,14,Travel_Rarely,No,1
560,2886,22,Travel_Rarely,No,1
562,2097,15,Non-Travel,No,1
564,11935,18,Travel_Rarely,No,1
565,2546,16,Travel_Rarely,Yes,1
566,2564,12,Travel_Rarely,Yes,1
567,8412,11,Non-Travel,No,1
568,14118,12,Travel_Rarely,No,1
569,17046,15,Travel_Rarely,No,1
571,2564,14,Non-Travel,No,1
573,10266,19,Travel_Frequently,No,1
574,5070,13,Travel_Rarely,No,1
575,17861,13,Travel_Rarely,No,1
577,4230,15,Travel_Rarely,No,1
578,3780,11,Travel_Rarely,No,1
579,2768,12,Travel_Rarely,No,1
580,9071,19,Travel_Rarely,No,1
581,10648,25,Travel_Rarely,No,1
582,13610,12,Travel_Rarely,Yes,1
584,3408,13,Travel_Rarely,Yes,1
585,2983,14,Travel_Rarely,No,1
586,7632,12,Travel_Rarely,No,1
587,9824,12,Travel_Frequently,Yes,1
590,9950,15,Travel_Frequently,Yes,1
591,2093,17,Travel_Frequently,No,1
592,9980,14,Non-Travel,No,1
593,3894,16,Travel_Frequently,Yes,1
595,4051,14,Travel_Rarely,No,1
597,16835,23,Travel_Rarely,No,1
599,6230,14,Non-Travel,No,1
600,4717,11,Travel_Rarely,No,1
601,13237,15,Travel_Rarely,No,1
602,3755,11,Travel_Frequently,No,1
604,6582,13,Travel_Rarely,No,1
605,7406,21,Travel_Rarely,No,1
606,4805,19,Travel_Rarely,No,1
608,2741,11,Travel_Frequently,Yes,1
611,4262,12,Travel_Rarely,No,1
612,16184,19,Travel_Rarely,No,1
613,11557,21,Travel_Rarely,No,1
614,1878,14,Travel_Frequently,Yes,1
615,10932,15,Non-Travel,No,1
616,6811,17,Non-Travel,No,1
618,4306,12,Travel_Rarely,No,1
620,4859,16,Travel_Rarely,No,1
621,5337,12,Travel_Rarely,No,1
622,2340,18,Travel_Rarely,Yes,1
623,7491,17,Travel_Rarely,No,1
624,10527,11,Travel_Frequently,No,1
625,16595,16,Travel_Rarely,No,1
626,8834,13,Non-Travel,No,1
630,5577,12,Travel_Rarely,No,1
631,4707,12,Non-Travel,Yes,1
632,2400,13,Travel_Frequently,No,1
634,9824,19,Travel_Rarely,No,1
635,6447,12,Travel_Rarely,No,1
638,19502,17,Travel_Rarely,No,1
639,2725,11,Travel_Rarely,No,1
641,6272,20,Travel_Rarely,No,1
643,2127,21,Travel_Rarely,No,1
644,18200,11,Travel_Frequently,No,1
645,2096,11,Travel_Rarely,No,1
647,2886,16,Travel_Frequently,Yes,1
648,2033,18,Travel_Frequently,Yes,1
649,3622,13,Travel_Rarely,No,1
650,4233,17,Travel_Rarely,Yes,1
652,3681,14,Travel_Rarely,No,1
653,5460,22,Travel_Rarely,No,1
655,2187,12,Travel_Rarely,No,1
656,9602,11,Travel_Rarely,No,1
657,2836,13,Travel_Rarely,No,1
659,4089,13,Travel_Rarely,No,1
661,16627,14,Travel_Rarely,No,1
662,2619,17,Travel_Rarely,No,1
663,5679,13,Travel_Frequently,No,1
664,15402,11,Travel_Rarely,No,1
665,5985,11,Travel_Rarely,No,1
666,2579,18,Travel_Rarely,No,1
667,3041,11,Travel_Rarely,Yes,1
669,3447,11,Travel_Rarely,No,1
671,19513,12,Travel_Rarely,No,1
675,2773,20,Travel_Rarely,No,1
677,7104,12,Travel_Rarely,No,1
679,6322,12,Travel_Rarely,No,1
680,2083,20,Travel_Frequently,No,1
682,8381,20,Travel_Rarely,No,1
683,2691,12,Travel_Rarely,No,1
684,4286,14,Travel_Frequently,Yes,1
686,2659,13,Travel_Rarely,No,1
689,9434,15,Travel_Rarely,No,1
690,5561,14,Travel_Rarely,No,1
691,6646,13,Travel_Rarely,No,1
692,7725,23,Travel_Frequently,No,1
698,10725,15,Travel_Rarely,No,1
699,8847,11,Travel_Rarely,No,1
700,2045,13,Travel_Rarely,No,1
701,1009,11,Travel_Rarely,Yes,1
702,3348,11,Travel_Frequently,Yes,1
704,1281,18,Non-Travel,No,1
705,2819,16,Travel_Rarely,No,1
707,4851,22,Travel_Rarely,No,1
709,4028,20,Travel_Rarely,No,1
710,2720,18,Travel_Frequently,No,1
712,8120,12,Travel_Rarely,No,1
714,4647,20,Travel_Frequently,No,1
715,4680,17,Travel_Rarely,No,1
716,3221,11,Travel_Rarely,No,1
717,8621,14,Travel_Rarely,No,1
720,4577,14,Travel_Rarely,Yes,1
721,4553,11,Travel_Rarely,No,1
722,5396,12,Travel_Rarely,No,1
723,6796,14,Travel_Frequently,Yes,1
724,7625,13,Travel_Rarely,No,1
725,7412,11,Travel_Rarely,No,1
727,11159,15,Travel_Rarely,No,1
728,4960,12,Travel_Rarely,No,1
729,10475,21,Travel_Frequently,No,1
730,14814,19,Travel_Rarely,No,1
731,19141,15,Travel_Rarely,No,1
732,5405,14,Travel_Rarely,No,1
733,8793,21,Travel_Frequently,No,1
734,19189,12,Travel_Rarely,No,1
738,3875,15,Travel_Rarely,No,1
741,2216,13,Travel_Rarely,Yes,1
742,11713,14,Non-Travel,No,1
743,7861,14,Travel_Rarely,No,1
744,3708,14,Non-Travel,No,1
746,13770,12,Travel_Frequently,No,1
747,5304,23,Travel_Rarely,No,1
749,2642,11,Travel_Rarely,No,1
752,2759,12,Travel_Frequently,Yes,1
754,6804,18,Travel_Frequently,No,1
757,6142,11,Travel_Rarely,No,1
758,2500,14,Travel_Rarely,No,1
760,6389,15,Travel_Rarely,No,1
762,11103,11,Travel_Rarely,No,1
763,2342,20,Travel_Rarely,No,1
764,6811,19,Travel_Rarely,No,1
766,2297,14,Travel_Rarely,No,1
769,2450,17,Travel_Rarely,No,1
771,5093,11,Non-Travel,No,1
772,5309,15,Travel_Frequently,No,1
773,3057,13,Travel_Rarely,No,1
775,5121,14,Travel_Rarely,No,1
776,16856,11,Travel_Rarely,No,1
780,2686,13,Travel_Rarely,Yes,1
781,6180,23,Travel_Rarely,No,1
783,6632,13,Travel_Rarely,No,1
784,3505,18,Travel_Rarely,No,1
785,6397,12,Travel_Frequently,Yes,1
786,6274,22,Travel_Rarely,No,1
787,19859,13,Travel_Rarely,Yes,1
789,7587,15,Non-Travel,No,1
791,4258,18,Non-Travel,No,1
792,4364,14,Travel_Frequently,No,1
793,4335,12,Travel_Rarely,No,1
796,5326,17,Travel_Rarely,Yes,1
797,3280,16,Travel_Rarely,No,1
799,5485,11,Travel_Rarely,No,1
800,4342,19,Travel_Frequently,No,1
802,2782,13,Travel_Rarely,No,1
803,5980,12,Travel_Frequently,No,1
804,4381,11,Travel_Rarely,No,1
805,2572,16,Travel_Rarely,No,1
806,3833,21,Travel_Rarely,No,1
807,4244,24,Travel_Frequently,No,1
808,6500,17,Travel_Rarely,No,1
809,18430,13,Travel_Frequently,No,1
811,1601,21,Travel_Rarely,Yes,1
812,2694,11,Non-Travel,No,1
813,3149,20,Travel_Rarely,No,1
815,17639,16,Travel_Rarely,No,1
816,2319,11,Travel_Rarely,Yes,1
817,11691,11,Travel_Rarely,No,1
819,5324,15,Travel_Rarely,Yes,1
820,16752,11,Travel_Rarely,No,1
823,5228,15,Travel_Rarely,No,1
824,2700,24,Travel_Rarely,No,1
825,19246,12,Travel_Rarely,Yes,1
826,2506,13,Travel_Rarely,No,1
827,6062,13,Travel_Rarely,No,1
828,4382,17,Travel_Rarely,Yes,1
829,2143,13,Travel_Rarely,No,1
830,6162,12,Travel_Rarely,No,1
832,5094,14,Travel_Frequently,No,1
833,6877,24,Travel_Rarely,No,1
834,2274,14,Travel_Rarely,No,1
836,4434,13,Travel_Rarely,No,1
837,6288,15,Travel_Frequently,No,1
838,2553,16,Travel_Frequently,No,1
840,7654,18,Travel_Rarely,Yes,1
842,5160,16,Travel_Rarely,Yes,1
843,17159,24,Travel_Rarely,No,1
844,12808,16,Travel_Rarely,No,1
845,10221,21,Travel_Rarely,No,1
846,4779,20,Travel_Rarely,No,1
847,3737,19,Travel_Rarely,No,1
848,2366,14,Travel_Frequently,Yes,1
850,1706,11,Non-Travel,No,1
851,16307,14,Travel_Rarely,No,1
852,5933,12,Travel_Rarely,No,1
854,3424,13,Travel_Rarely,No,1
855,4037,22,Travel_Rarely,No,1
856,2559,11,Travel_Rarely,No,1
857,6201,14,Travel_Rarely,No,1
859,4403,11,Travel_Rarely,No,1
861,3761,12,Travel_Frequently,No,1
862,10934,18,Travel_Rarely,No,1
864,10761,12,Travel_Rarely,No,1
865,5175,12,Travel_Rarely,No,1
867,13826,22,Travel_Frequently,No,1
868,6334,19,Travel_Rarely,No,1
869,4936,13,Travel_Rarely,No,1
872,4775,22,Travel_Rarely,No,1
874,2818,24,Travel_Rarely,No,1
875,2515,14,Travel_Frequently,No,1
878,2342,21,Travel_Rarely,No,1
879,4194,18,Travel_Rarely,No,1
880,10685,20,Travel_Rarely,No,1
881,2022,19,Travel_Frequently,Yes,1
882,2314,12,Non-Travel,No,1
885,4256,12,Travel_Rarely,No,1
887,3580,16,Travel_Rarely,No,1
888,3162,17,Non-Travel,No,1
889,6524,14,Travel_Frequently,No,1
893,2899,19,Travel_Rarely,No,1
894,5231,13,Travel_Rarely,No,1
895,2356,19,Travel_Rarely,No,1
896,2800,19,Travel_Rarely,Yes,1
897,11836,14,Travel_Rarely,No,1
899,10903,16,Travel_Rarely,No,1
900,2973,15,Travel_Frequently,No,1
901,14275,18,Travel_Rarely,No,1
902,5562,13,Travel_Frequently,No,1
903,4537,22,Travel_Rarely,No,1
904,7642,13,Non-Travel,No,1
905,17924,11,Non-Travel,No,1
909,5204,11,Travel_Rarely,No,1
910,2277,11,Travel_Rarely,No,1
911,2795,24,Travel_Rarely,Yes,1
912,2532,14,Travel_Rarely,No,1
913,2559,13,Travel_Rarely,No,1
916,4908,14,Travel_Rarely,No,1
918,2380,14,Travel_Frequently,Yes,1
920,4765,21,Travel_Rarely,No,1
922,2044,13,Travel_Rarely,Yes,1
923,2693,19,Travel_Rarely,Yes,1
924,6586,17,Travel_Rarely,No,1
925,3294,18,Travel_Rarely,No,1
926,4171,19,Travel_Rarely,Yes,1
927,2778,13,Travel_Rarely,Yes,1
930,2377,18,Travel_Rarely,No,1
932,2404,21,Travel_Rarely,Yes,1
933,2318,19,Travel_Rarely,No,1
934,2008,14,Travel_Rarely,No,1
936,6244,17,Travel_Rarely,No,1
939,2799,11,Travel_Rarely,No,1
940,10552,13,Travel_Rarely,No,1
941,2329,15,Travel_Rarely,No,1
942,4014,25,Travel_Rarely,No,1
944,7403,11,Travel_Rarely,No,1
945,2259,17,Travel_Rarely,No,1
947,6932,13,Non-Travel,No,1
949,4678,18,Travel_Rarely,No,1
950,13582,13,Travel_Rarely,No,1
951,2332,20,Non-Travel,No,1
952,2413,18,Travel_Rarely,Yes,1
954,9705,12,Travel_Rarely,No,1
956,4294,12,Travel_Frequently,No,1
957,4721,13,Travel_Rarely,No,1
958,2519,21,Travel_Rarely,No,1
959,2121,13,Travel_Rarely,Yes,1
960,2973,19,Travel_Rarely,Yes,1
961,5855,11,Travel_Rarely,No,1
964,3617,14,Travel_Frequently,No,1
966,6725,12,Travel_Rarely,No,1
967,10325,11,Travel_Rarely,Yes,1
969,6949,14,Travel_Rarely,No,1
970,10609,11,Travel_Rarely,Yes,1
972,4447,12,Non-Travel,No,1
974,2157,15,Travel_Frequently,No,1
975,4601,16,Travel_Rarely,No,1
976,17099,15,Travel_Rarely,No,1
977,2479,24,Travel_Rarely,Yes,1
981,14852,13,Travel_Rarely,No,1
982,7264,11,Travel_Rarely,No,1
983,5666,13,Non-Travel,No,1
984,7823,13,Travel_Rarely,No,1
985,7880,18,Travel_Rarely,No,1
986,13194,16,Non-Travel,Yes,1
987,5067,19,Travel_Frequently,No,1
990,5079,13,Non-Travel,No,1
991,2321,22,Non-Travel,Yes,1
992,17444,11,Non-Travel,No,1
994,2404,20,Travel_Rarely,Yes,1
995,3452,18,Travel_Rarely,No,1
996,2270,14,Travel_Rarely,No,1
997,17399,22,Travel_Rarely,No,1
998,5488,13,Travel_Frequently,No,1
999,19419,17,Travel_Frequently,No,1
1001,2811,14,Travel_Rarely,No,1
1002,3633,15,Non-Travel,No,1
1003,4163,17,Travel_Rarely,No,1
1004,2132,11,Travel_Rarely,Yes,1
1005,13973,18,Travel_Rarely,No,1
1006,2684,17,Travel_Frequently,No,1
1007,10845,13,Travel_Rarely,No,1
1009,4377,15,Travel_Rarely,No,1
1010,3743,24,Travel_Rarely,Yes,1
1011,4148,12,Travel_Frequently,No,1
1012,1051,15,Non-Travel,No,1
1013,10739,11,Travel_Rarely,No,1
1014,10388,11,Travel_Rarely,No,1
1015,11416,12,Travel_Rarely,No,1
1016,2600,15,Travel_Rarely,Yes,1
1017,2422,17,Travel_Frequently,Yes,1
1018,5472,12,Travel_Rarely,No,1
1019,2451,15,Travel_Rarely,No,1
1022,4240,13,Travel_Rarely,No,1
1024,10999,14,Travel_Rarely,No,1
1025,5003,14,Travel_Rarely,No,1
1026,12742,16,Travel_Rarely,No,1
1027,4227,18,Travel_Rarely,No,1
1028,3917,20,Travel_Rarely,No,1
1029,18303,13,Travel_Rarely,No,1
1030,2380,18,Travel_Rarely,No,1
1032,13726,13,Travel_Rarely,No,1
1033,4777,15,Travel_Rarely,Yes,1
1034,6385,14,Travel_Frequently,No,1
1035,19973,22,Non-Travel,No,1
1036,6861,12,Travel_Rarely,No,1
1037,4969,18,Non-Travel,Yes,1
1038,19845,15,Travel_Rarely,Yes,1
1039,13320,18,Travel_Rarely,No,1
1040,6347,12,Non-Travel,No,1
1042,2743,16,Travel_Rarely,Yes,1
1043,10880,13,Travel_Frequently,No,1
1044,2342,19,Non-Travel,No,1
1045,17650,13,Travel_Rarely,No,1
1046,4025,12,Non-Travel,No,1
1047,9725,11,Travel_Rarely,No,1
1048,11904,14,Travel_Rarely,No,1
1049,2177,16,Travel_Rarely,No,1
1050,7525,12,Travel_Frequently,No,1
1052,4834,14,Travel_Rarely,Yes,1
1053,2042,14,Travel_Frequently,Yes,1
1055,2220,19,Travel_Rarely,No,1
1056,1052,22,Travel_Rarely,No,1
1060,2821,16,Travel_Frequently,No,1
1061,19237,11,Travel_Rarely,No,1
1062,4107,15,Travel_Rarely,No,1
1066,8396,14,Travel_Rarely,No,1
1068,2007,13,Travel_Frequently,No,1
1069,19627,17,Travel_Rarely,No,1
1070,10686,11,Travel_Rarely,No,1
1071,2942,19,Travel_Frequently,No,1
1073,8858,11,Travel_Rarely,No,1
1074,16756,15,Non-Travel,No,1
1076,10798,13,Travel_Rarely,No,1
1077,2323,14,Travel_Frequently,Yes,1
1079,1416,13,Travel_Rarely,Yes,1
1080,4615,23,Travel_Rarely,No,1
1081,2461,12,Travel_Rarely,Yes,1
1082,8722,12,Non-Travel,Yes,1
1083,3955,16,Travel_Rarely,No,1
1084,9957,15,Travel_Rarely,No,1
1085,3376,13,Travel_Rarely,No,1
1088,8823,18,Travel_Rarely,No,1
1092,10322,20,Travel_Rarely,No,1
1094,4621,19,Non-Travel,No,1
1096,10976,18,Travel_Frequently,No,1
1097,3660,13,Travel_Rarely,No,1
1098,10482,14,Travel_Rarely,Yes,1
1099,7119,15,Travel_Rarely,No,1
1100,9582,22,Travel_Rarely,Yes,1
1101,4508,22,Travel_Frequently,Yes,1
1102,2207,16,Travel_Rarely,No,1
1103,7756,17,Travel_Frequently,No,1
1105,6694,14,Travel_Rarely,No,1
1106,3691,15,Travel_Rarely,Yes,1
1107,2377,20,Travel_Rarely,Yes,1
1108,2313,20,Travel_Rarely,Yes,1
1109,17665,17,Travel_Rarely,No,1
1111,2596,15,Travel_Frequently,Yes,1
1113,4728,14,Travel_Frequently,Yes,1
1114,4302,17,Travel_Frequently,No,1
1115,2979,17,Non-Travel,No,1
1116,16885,22,Non-Travel,No,1
1117,5593,13,Non-Travel,No,1
1118,10445,19,Travel_Rarely,No,1
1119,8740,14,Travel_Rarely,No,1
1120,2514,22,Travel_Rarely,No,1
1121,7655,17,Travel_Rarely,No,1
1124,17465,12,Travel_Rarely,No,1
1125,7351,16,Travel_Rarely,No,1
1126,10820,11,Travel_Frequently,No,1
1127,12169,11,Travel_Frequently,Yes,1
1128,19626,14,Travel_Rarely,No,1
1131,2070,11,Travel_Rarely,No,1
1132,6782,15,Non-Travel,No,1
1133,7779,20,Non-Travel,No,1
1135,2791,12,Travel_Frequently,No,1
1136,3201,17,Travel_Rarely,No,1
1137,4968,11,Travel_Frequently,No,1
1138,13120,17,Travel_Rarely,No,1
1140,4033,11,Travel_Frequently,No,1
1143,3291,14,Travel_Frequently,No,1
1148,4272,19,Travel_Rarely,No,1
1150,5056,15,Travel_Rarely,No,1
1152,2844,13,Travel_Rarely,No,1
1154,2703,14,Travel_Frequently,No,1
1156,1904,12,Non-Travel,Yes,1
1157,8224,17,Travel_Rarely,Yes,1
1158,4766,11,Travel_Rarely,No,1
1160,2610,12,Travel_Frequently,Yes,1
1161,5731,13,Travel_Rarely,No,1
1162,2539,13,Travel_Rarely,No,1
1163,5714,20,Travel_Rarely,No,1
1164,4323,17,Travel_Rarely,No,1
1165,7336,13,Travel_Rarely,Yes,1
1166,13499,17,Travel_Frequently,No,1
1167,13758,12,Travel_Frequently,Yes,1
1171,5155,13,Travel_Rarely,No,1
1172,2258,12,Travel_Rarely,No,1
1173,3597,22,Travel_Rarely,No,1
1175,2515,11,Travel_Rarely,Yes,1
1177,4420,22,Travel_Rarely,No,1
1179,6578,18,Travel_Rarely,No,1
1180,4422,13,Travel_Frequently,No,1
1182,10274,18,Travel_Rarely,No,1
1184,5343,20,Travel_Frequently,No,1
1185,2376,13,Travel_Frequently,No,1
1188,5346,13,Travel_Rarely,Yes,1
1190,2827,12,Non-Travel,No,1
1191,19943,13,Travel_Rarely,No,1
1192,3131,13,Travel_Rarely,No,1
1193,2552,25,Travel_Rarely,No,1
1195,4477,19,Travel_Rarely,No,1
1196,6474,13,Travel_Rarely,No,1
1198,3033,12,Travel_Rarely,No,1
1200,2936,11,Travel_Rarely,Yes,1
1201,18606,18,Travel_Rarely,No,1
1202,2168,18,Travel_Rarely,No,1
1203,2853,11,Travel_Frequently,Yes,1
1204,17048,23,Travel_Rarely,No,1
1206,2290,13,Non-Travel,No,1
1207,3600,13,Travel_Rarely,No,1
1210,2107,17,Non-Travel,Yes,1
1211,4115,19,Travel_Rarely,No,1
1212,4327,12,Travel_Frequently,No,1
1215,17856,22,Travel_Frequently,No,1
1216,3196,12,Travel_Rarely,No,1
1217,19081,11,Travel_Rarely,No,1
1218,8966,15,Travel_Rarely,No,1
1219,2210,13,Travel_Rarely,Yes,1
1220,4539,12,Travel_Frequently,No,1
1221,2741,14,Travel_Rarely,No,1
1224,3491,13,Travel_Rarely,No,1
1225,4541,25,Travel_Rarely,No,1
1226,2678,17,Travel_Rarely,No,1
1228,7379,11,Travel_Rarely,No,1
1231,6272,16,Non-Travel,No,1
1233,5220,18,Travel_Rarely,No,1
1234,2743,20,Travel_Frequently,No,1
1235,4998,14,Travel_Frequently,No,1
1237,10252,21,Travel_Rarely,No,1
1238,2781,13,Travel_Rarely,No,1
1239,6852,12,Travel_Rarely,No,1
1240,4950,14,Travel_Rarely,No,1
1241,3579,21,Travel_Rarely,No,1
1242,13191,17,Travel_Frequently,No,1
1243,10377,11,Non-Travel,No,1
1244,2235,14,Travel_Rarely,No,1
1245,10502,17,Travel_Frequently,No,1
1246,2011,13,Travel_Rarely,No,1
1248,1859,25,Non-Travel,Yes,1
1249,3760,15,Travel_Rarely,No,1
1250,17779,14,Travel_Rarely,No,1
1251,6833,12,Travel_Rarely,No,1
1252,6812,19,Travel_Rarely,No,1
1254,5171,17,Travel_Rarely,No,1
1255,19740,14,Travel_Rarely,No,1
1256,18711,13,Travel_Rarely,No,1
1257,3692,12,Travel_Frequently,No,1
1258,2559,11,Travel_Rarely,No,1
1259,2517,11,Travel_Rarely,No,1
1260,6623,11,Travel_Rarely,No,1
1263,18265,12,Travel_Rarely,No,1
1264,16124,14,Travel_Rarely,No,1
1265,2585,17,Travel_Rarely,No,1
1267,18213,11,Travel_Rarely,No,1
1268,8380,14,Travel_Rarely,No,1
1269,2994,12,Travel_Rarely,No,1
1270,1223,22,Travel_Rarely,No,1
1273,1118,14,Travel_Frequently,Yes,1
1275,2875,20,Travel_Rarely,No,1
1277,18824,16,Travel_Rarely,Yes,1
1278,13577,15,Non-Travel,No,1
1279,2625,20,Travel_Frequently,Yes,1
1280,18789,14,Travel_Rarely,No,1
1281,4538,12,Travel_Rarely,No,1
1282,19847,24,Travel_Frequently,No,1
1283,10512,12,Travel_Rarely,No,1
1285,4444,13,Travel_Frequently,No,1
1286,2154,11,Travel_Frequently,No,1
1288,19190,14,Travel_Rarely,No,1
1289,4490,11,Travel_Frequently,No,1
1291,3506,14,Travel_Rarely,No,1
1292,2372,16,Travel_Rarely,No,1
1293,10231,14,Travel_Rarely,No,1
1294,5410,11,Travel_Rarely,No,1
1295,7978,11,Travel_Rarely,Yes,1
1296,3867,12,Travel_Frequently,No,1
1297,2838,14,Travel_Frequently,No,1
1298,4695,18,Non-Travel,No,1
1299,3339,13,Travel_Rarely,Yes,1
1301,2080,11,Travel_Rarely,No,1
1303,2096,18,Travel_Rarely,No,1
1304,6209,15,Travel_Rarely,No,1
1306,18061,22,Travel_Frequently,No,1
1307,17123,13,Travel_Rarely,No,1
1308,2372,12,Travel_Rarely,No,1
1309,4883,18,Travel_Rarely,Yes,1
1310,3904,13,Travel_Rarely,Yes,1
1311,4627,12,Travel_Rarely,No,1
1312,7094,12,Travel_Rarely,No,1
1314,3423,12,Travel_Rarely,No,1
1315,6674,11,Non-Travel,No,1
1317,16880,11,Travel_Rarely,No,1
1318,9094,12,Travel_Rarely,Yes,1
1319,8446,19,Travel_Rarely,Yes,1
1321,11916,23,Travel_Rarely,No,1
1322,4534,11,Travel_Rarely,No,1
1324,9852,19,Non-Travel,No,1
1329,6151,13,Non-Travel,No,1
1331,2302,11,Travel_Frequently,Yes,1
1333,2362,12,Travel_Rarely,Yes,1
1334,17861,13,Non-Travel,No,1
1336,19187,14,Travel_Rarely,No,1
1338,19717,14,Travel_Rarely,No,1
1340,3544,16,Non-Travel,No,1
1344,8500,11,Travel_Rarely,No,1
1346,4661,13,Travel_Rarely,No,1
1349,4103,17,Travel_Frequently,No,1
1350,4249,11,Travel_Frequently,No,1
1352,14026,11,Travel_Rarely,No,1
1355,6893,15,Travel_Rarely,No,1
1356,6125,12,Travel_Rarely,No,1
1358,3669,11,Travel_Rarely,No,1
1360,10008,14,Travel_Rarely,Yes,1
1361,2387,22,Travel_Rarely,No,1
1362,4639,16,Travel_Frequently,No,1
1363,7898,11,Travel_Rarely,No,1
1364,2534,14,Travel_Rarely,No,1
1367,13142,16,Travel_Rarely,No,1
1368,1611,15,Non-Travel,No,1
1369,5363,12,Travel_Rarely,No,1
1371,5071,20,Travel_Frequently,No,1
1372,13695,17,Travel_Rarely,Yes,1
1373,13402,12,Travel_Rarely,No,1
1374,2029,20,Non-Travel,No,1
1375,6377,20,Travel_Rarely,No,1
1377,5429,13,Travel_Rarely,No,1
1379,2785,14,Travel_Frequently,Yes,1
1380,4614,18,Travel_Frequently,Yes,1
1382,2610,11,Travel_Frequently,No,1
1383,6687,11,Travel_Rarely,No,1
1387,4724,11,Travel_Rarely,No,1
1389,6179,15,Travel_Rarely,Yes,1
1390,6120,12,Travel_Rarely,No,1
1391,10596,11,Travel_Frequently,No,1
1392,5467,14,Travel_Frequently,No,1
1394,2996,15,Travel_Rarely,No,1
1395,9998,13,Travel_Frequently,No,1
1396,4078,13,Travel_Rarely,No,1
1397,10920,21,Non-Travel,No,1
1399,6232,11,Travel_Rarely,No,1
1401,13247,11,Travel_Frequently,No,1
1402,4081,14,Travel_Rarely,No,1
1403,5769,11,Travel_Rarely,No,1
1405,2394,13,Travel_Rarely,Yes,1
1407,3904,12,Travel_Rarely,No,1
1408,16799,14,Travel_Rarely,No,1
1409,2950,13,Travel_Rarely,No,1
1411,3629,18,Travel_Rarely,No,1
1412,9362,11,Travel_Frequently,No,1
1415,3229,11,Travel_Rarely,No,1
1417,3578,12,Travel_Rarely,No,1
1419,7988,13,Travel_Rarely,No,1
1420,4284,20,Travel_Frequently,Yes,1
1421,7553,12,Travel_Frequently,Yes,1
1422,17328,19,Travel_Rarely,No,1
1423,19701,21,Travel_Rarely,No,1
1424,14732,13,Travel_Rarely,No,1
1425,9278,16,Travel_Rarely,No,1
1427,1359,12,Travel_Frequently,Yes,1
1428,4779,14,Travel_Rarely,No,1
1430,16422,11,Travel_Rarely,No,1
1431,2996,14,Travel_Frequently,No,1
1433,1261,12,Travel_Rarely,Yes,1
1434,2099,14,Travel_Rarely,No,1
1435,5810,16,Travel_Rarely,No,1
1436,5647,13,Travel_Rarely,No,1
1438,3420,12,Travel_Rarely,No,1
1439,4400,12,Travel_Rarely,Yes,1
1440,3500,14,Non-Travel,No,1
1441,2066,22,Travel_Rarely,No,1
1443,17169,19,Travel_Rarely,No,1
1445,4162,12,Travel_Rarely,No,1
1446,9204,12,Travel_Rarely,No,1
1447,3294,17,Travel_Rarely,No,1
1448,2127,12,Travel_Rarely,No,1
1449,3975,11,Non-Travel,No,1
1453,10793,18,Travel_Rarely,No,1
1457,10096,11,Travel_Rarely,Yes,1
1458,3646,23,Non-Travel,Yes,1
1459,7446,11,Travel_Frequently,Yes,1
1460,10851,18,Travel_Rarely,No,1
1461,2109,18,Travel_Rarely,No,1
1464,3722,13,Travel_Frequently,Yes,1
1465,9380,18,Travel_Rarely,No,1
1466,5486,11,Travel_Rarely,No,1
1467,2742,15,Travel_Rarely,Yes,1
1468,13757,11,Non-Travel,No,1
1469,8463,18,Travel_Rarely,No,1
1471,3162,14,Non-Travel,No,1
1472,16598,12,Travel_Rarely,No,1
1473,6651,14,Travel_Rarely,No,1
1474,2345,14,Travel_Rarely,No,1
1475,3420,13,Travel_Rarely,No,1
1477,4373,14,Travel_Frequently,No,1
1478,4759,18,Travel_Rarely,No,1
1479,5301,15,Travel_Rarely,No,1
1480,3673,13,Travel_Frequently,No,1
1481,4768,12,Travel_Frequently,No,1
1482,1274,13,Non-Travel,No,1
1483,4900,24,Travel_Rarely,No,1
1484,10466,14,Travel_Rarely,No,1
1485,17007,14,Travel_Frequently,No,1
1486,2909,15,Travel_Frequently,Yes,1
1487,5765,11,Travel_Frequently,Yes,1
1489,4599,23,Travel_Rarely,Yes,1
1492,2404,13,Travel_Rarely,No,1
1494,3172,11,Travel_Frequently,Yes,1
1495,2033,13,Non-Travel,No,1
1496,10209,18,Travel_Frequently,No,1
1497,8620,14,Travel_Rarely,No,1
1499,2064,21,Travel_Rarely,No,1
1501,4035,16,Travel_Rarely,No,1
1502,3838,11,Travel_Rarely,No,1
1503,4591,17,Travel_Rarely,No,1
1504,2561,11,Travel_Frequently,Yes,1
1506,1563,14,Travel_Rarely,No,1
1507,4898,14,Travel_Frequently,No,1
1509,4789,25,Travel_Rarely,No,1
1513,3180,13,Travel_Frequently,No,1
1514,6549,14,Travel_Rarely,No,1
1515,6388,17,Travel_Rarely,No,1
1516,11244,25,Travel_Rarely,No,1
1520,16032,20,Travel_Frequently,No,1
1522,2362,13,Travel_Rarely,Yes,1
1523,16328,13,Travel_Rarely,No,1
1525,8376,18,Travel_Rarely,No,1
1527,16606,12,Travel_Rarely,No,1
1529,8606,19,Travel_Rarely,No,1
1533,2272,14,Travel_Rarely,No,1
1534,2018,14,Travel_Rarely,Yes,1
1535,7083,14,Travel_Rarely,No,1
1537,4084,12,Travel_Frequently,Yes,1
1539,14411,13,Travel_Frequently,No,1
1541,2308,25,Travel_Rarely,No,1
1542,4841,14,Travel_Rarely,No,1
1543,4285,17,Travel_Rarely,No,1
1544,9715,13,Travel_Rarely,No,1
1545,4320,13,Travel_Rarely,No,1
1546,2132,20,Travel_Rarely,No,1
1547,10124,14,Travel_Frequently,No,1
1548,5473,12,Travel_Rarely,No,1
1549,5207,12,Travel_Rarely,No,1
1550,16437,21,Travel_Rarely,No,1
1551,2296,14,Travel_Rarely,No,1
1552,4069,18,Non-Travel,No,1
1553,7441,12,Travel_Rarely,No,1
1554,2430,23,Travel_Rarely,No,1
1555,5878,12,Travel_Rarely,No,1
1556,2644,21,Travel_Rarely,No,1
1557,6439,14,Travel_Rarely,No,1
1558,2451,18,Travel_Rarely,No,1
1560,6392,13,Travel_Rarely,No,1
1562,9714,11,Travel_Rarely,Yes,1
1563,6077,11,Travel_Frequently,No,1
1564,2450,19,Travel_Rarely,No,1
1568,9250,12,Travel_Rarely,No,1
1569,2074,12,Travel_Rarely,Yes,1
1572,10169,16,Travel_Rarely,Yes,1
1573,4855,11,Travel_Rarely,Yes,1
1574,4087,14,Non-Travel,No,1
1576,2367,12,Travel_Rarely,No,1
1577,2972,13,Travel_Rarely,No,1
1578,19586,21,Travel_Rarely,No,1
1580,5484,17,Travel_Rarely,No,1
1581,2061,21,Travel_Rarely,No,1
1582,9924,11,Travel_Rarely,No,1
1583,4198,12,Travel_Rarely,No,1
1585,6815,13,Travel_Rarely,No,1
1586,4723,18,Travel_Rarely,No,1
1587,6142,16,Travel_Rarely,No,1
1588,8237,11,Travel_Rarely,No,1
1590,8853,19,Travel_Frequently,No,1
1591,19331,16,Travel_Rarely,No,1
1592,2073,16,Travel_Rarely,No,1
1594,5562,13,Travel_Frequently,No,1
1595,19613,22,Travel_Rarely,No,1
1596,3407,17,Travel_Rarely,No,1
1597,5063,14,Travel_Frequently,No,1
1598,4639,15,Travel_Rarely,No,1
1599,4876,12,Travel_Rarely,No,1
1601,2690,18,Travel_Rarely,No,1
1602,17567,15,Travel_Rarely,No,1
1604,2408,17,Travel_Rarely,Yes,1
1605,2814,14,Non-Travel,No,1
1606,11245,15,Travel_Frequently,No,1
1607,3312,17,Travel_Rarely,No,1
1608,19049,14,Travel_Rarely,No,1
1609,2141,12,Travel_Rarely,No,1
1611,5769,14,Travel_Rarely,No,1
1612,4385,15,Non-Travel,No,1
1613,5332,13,Travel_Frequently,No,1
1614,4663,12,Travel_Rarely,No,1
1615,4724,13,Travel_Frequently,No,1
1617,3211,14,Travel_Rarely,No,1
1618,5377,13,Travel_Rarely,No,1
1619,4066,11,Travel_Rarely,No,1
1621,5208,11,Travel_Rarely,No,1
1622,4877,21,Travel_Rarely,No,1
1623,3117,18,Travel_Rarely,No,1
1624,1569,12,Travel_Frequently,Yes,1
1625,19658,11,Travel_Rarely,No,1
1627,3069,15,Travel_Rarely,No,1
1628,10435,13,Travel_Rarely,No,1
1630,4148,12,Non-Travel,No,1
1631,5768,17,Travel_Rarely,No,1
1633,5042,13,Travel_Frequently,No,1
1635,5770,19,Travel_Rarely,No,1
1638,7756,19,Travel_Rarely,No,1
1639,10306,17,Travel_Rarely,Yes,1
1640,3936,11,Travel_Rarely,No,1
1641,7945,15,Travel_Rarely,No,1
1642,5743,11,Travel_Frequently,No,1
1644,15202,25,Travel_Frequently,No,1
1645,5440,14,Travel_Rarely,Yes,1
1646,3760,13,Travel_Frequently,No,1
1647,3517,17,Travel_Rarely,No,1
1648,2580,13,Travel_Frequently,No,1
1649,2166,14,Travel_Rarely,Yes,1
1650,5869,11,Travel_Rarely,No,1
1651,8008,12,Travel_Rarely,No,1
1653,5206,17,Travel_Frequently,No,1
1654,5295,21,Travel_Rarely,No,1
1655,16413,16,Travel_Rarely,No,1
1656,13269,15,Travel_Rarely,No,1
1657,2783,19,Travel_Rarely,No,1
1658,5433,12,Travel_Rarely,No,1
1659,2013,11,Travel_Rarely,No,1
1661,13966,19,Travel_Rarely,No,1
1662,4374,15,Non-Travel,No,1
1664,6842,20,Travel_Rarely,No,1
1665,17426,25,Travel_Rarely,No,1
1666,17603,24,Travel_Rarely,No,1
1667,4581,24,Travel_Frequently,Yes,1
1668,4735,15,Travel_Frequently,No,1
1669,4187,13,Travel_Rarely,No,1
1670,5505,14,Travel_Rarely,No,1
1671,5470,13,Travel_Rarely,No,1
1673,5476,11,Travel_Rarely,No,1
1674,2587,16,Travel_Rarely,No,1
1675,2440,22,Travel_Frequently,No,1
1676,15972,14,Travel_Rarely,No,1
1677,15379,14,Travel_Rarely,No,1
1678,7082,16,Travel_Rarely,No,1
1680,2728,11,Travel_Rarely,No,1
1681,5368,25,Non-Travel,No,1
1682,5347,14,Travel_Rarely,No,1
1683,3195,18,Travel_Rarely,No,1
1684,3989,11,Travel_Rarely,Yes,1
1687,3306,19,Travel_Rarely,No,1
1689,7005,15,Travel_Rarely,No,1
1691,2655,11,Travel_Frequently,Yes,1
1692,1393,12,Travel_Rarely,Yes,1
1693,2570,20,Non-Travel,No,1
1694,3537,12,Travel_Rarely,No,1
1696,3986,14,Travel_Rarely,No,1
1697,10883,20,Travel_Rarely,No,1
1698,2028,18,Travel_Rarely,No,1
1700,9525,14,Travel_Frequently,No,1
1701,2929,12,Travel_Rarely,No,1
1702,2275,21,Travel_Rarely,Yes,1
1703,7879,19,Travel_Rarely,No,1
1704,4930,14,Travel_Frequently,No,1
1706,7847,17,Travel_Rarely,No,1
1707,4401,16,Travel_Rarely,No,1
1708,9241,12,Travel_Rarely,No,1
1709,2974,17,Travel_Rarely,No,1
1710,4502,15,Travel_Rarely,No,1
1712,10748,23,Non-Travel,No,1
1714,1555,11,Travel_Rarely,Yes,1
1716,12936,11,Travel_Frequently,Yes,1
1718,2305,15,Travel_Rarely,No,1
1719,16704,11,Travel_Rarely,No,1
1720,3433,13,Travel_Frequently,No,1
1721,3477,14,Travel_Rarely,No,1
1722,6430,19,Non-Travel,No,1
1724,6516,16,Travel_Rarely,No,1
1725,3907,13,Travel_Rarely,No,1
1727,5562,14,Travel_Rarely,No,1
1728,6883,16,Travel_Rarely,No,1
1729,2862,12,Travel_Rarely,No,1
1731,4978,11,Non-Travel,No,1
1732,10368,12,Travel_Rarely,No,1
1733,6134,13,Travel_Rarely,Yes,1
1734,6735,15,Travel_Rarely,Yes,1
1735,3295,13,Travel_Rarely,No,1
1736,5238,20,Travel_Frequently,No,1
1737,6472,15,Non-Travel,No,1
1739,9610,13,Travel_Rarely,No,1
1740,19833,14,Travel_Rarely,No,1
1744,9756,21,Travel_Rarely,No,1
1745,4968,16,Travel_Frequently,No,1
1746,2145,14,Travel_Frequently,No,1
1747,2180,11,Travel_Frequently,Yes,1
1749,8346,19,Travel_Rarely,No,1
1751,3445,11,Travel_Rarely,No,1
1752,2760,13,Travel_Rarely,Yes,1
1753,6294,12,Travel_Frequently,No,1
1754,7140,11,Travel_Rarely,No,1
1755,2932,14,Travel_Rarely,No,1
1756,5147,15,Non-Travel,No,1
1757,4507,12,Travel_Rarely,No,1
1758,8564,20,Travel_Rarely,Yes,1
1760,2468,14,Travel_Frequently,No,1
1761,8161,13,Travel_Rarely,Yes,1
1762,2109,13,Travel_Rarely,No,1
1763,5294,16,Travel_Rarely,No,1
1764,2718,14,Non-Travel,No,1
1766,5811,16,Travel_Rarely,No,1
1767,2437,16,Travel_Frequently,Yes,1
1768,2766,22,Travel_Rarely,No,1
1770,19038,12,Travel_Rarely,No,1
1771,3055,15,Non-Travel,No,1
1772,2289,20,Travel_Rarely,No,1
1774,4001,14,Non-Travel,No,1
1775,12965,20,Non-Travel,No,1
1778,3539,13,Travel_Rarely,No,1
1779,6029,12,Travel_Rarely,No,1
1780,2679,13,Travel_Rarely,Yes,1
1782,3702,11,Travel_Rarely,No,1
1783,2398,17,Travel_Rarely,Yes,1
1784,5468,14,Travel_Rarely,No,1
1786,13116,11,Travel_Rarely,No,1
1787,4189,14,Travel_Rarely,No,1
1789,19328,17,Travel_Rarely,No,1
1790,8321,13,Travel_Rarely,No,1
1792,2342,12,Travel_Frequently,Yes,1
1794,4071,13,Travel_Rarely,No,1
1797,5813,18,Travel_Rarely,Yes,1
1798,3143,19,Travel_Rarely,No,1
1799,2044,11,Travel_Rarely,No,1
1800,13464,21,Travel_Rarely,No,1
1801,7991,15,Non-Travel,No,1
1802,3377,17,Travel_Rarely,No,1
1803,5538,18,Travel_Rarely,No,1
1804,5762,14,Non-Travel,No,1
1805,2592,13,Non-Travel,No,1
1807,5346,17,Travel_Frequently,Yes,1
1809,4213,15,Travel_Rarely,Yes,1
1812,4127,18,Travel_Frequently,No,1
1813,2438,13,Non-Travel,No,1
1814,6870,12,Travel_Rarely,No,1
1815,10447,13,Travel_Rarely,No,1
1816,9667,14,Travel_Rarely,No,1
1818,2148,11,Travel_Rarely,Yes,1
1821,8926,22,Travel_Rarely,Yes,1
1822,6513,17,Travel_Rarely,No,1
1823,6799,21,Travel_Rarely,No,1
1824,16291,22,Non-Travel,No,1
1826,2705,16,Travel_Rarely,No,1
1827,10333,12,Travel_Rarely,No,1
1829,4448,12,Travel_Rarely,No,1
1830,6854,15,Travel_Rarely,No,1
1833,9637,14,Travel_Frequently,No,1
1834,3591,25,Travel_Rarely,No,1
1835,5405,20,Travel_Rarely,No,1
1836,4684,13,Travel_Rarely,No,1
1837,15787,14,Travel_Frequently,No,1
1839,1514,16,Non-Travel,No,1
1842,2956,17,Travel_Rarely,Yes,1
1844,2335,15,Travel_Rarely,Yes,1
1845,5154,22,Non-Travel,No,1
1847,6962,22,Travel_Rarely,No,1
1849,5675,20,Travel_Frequently,No,1
1850,2379,14,Travel_Frequently,No,1
1852,3812,13,Travel_Frequently,No,1
1853,4648,13,Travel_Frequently,No,1
1854,2936,22,Non-Travel,No,1
1856,2105,12,Travel_Rarely,No,1
1857,8578,14,Travel_Rarely,No,1
1858,2706,15,Non-Travel,No,1
1859,6384,17,Travel_Rarely,No,1
1860,3968,13,Travel_Rarely,No,1
1862,9907,12,Travel_Rarely,Yes,1
1863,13225,12,Travel_Rarely,No,1
1864,3540,21,Travel_Rarely,No,1
1865,2804,11,Travel_Rarely,No,1
1866,19392,13,Travel_Rarely,No,1
1867,19665,12,Travel_Rarely,No,1
1868,2439,24,Travel_Frequently,Yes,1
1869,7314,21,Travel_Rarely,Yes,1
1870,4774,19,Travel_Frequently,No,1
1871,3902,14,Travel_Rarely,No,1
1873,2662,20,Travel_Rarely,No,1
1875,2856,19,Travel_Rarely,No,1
1876,1081,13,Travel_Rarely,Yes,1
1878,2472,23,Travel_Rarely,Yes,1
1880,5673,13,Travel_Rarely,No,1
1881,4197,11,Travel_Rarely,No,1
1882,9713,13,Travel_Rarely,No,1
1883,2062,14,Travel_Rarely,No,1
1885,4284,22,Travel_Rarely,No,1
1886,4788,11,Travel_Rarely,No,1
1888,5906,13,Travel_Rarely,No,1
1890,3886,21,Travel_Frequently,No,1
1892,16823,11,Travel_Rarely,No,1
1893,2933,13,Travel_Rarely,No,1
1898,6500,14,Travel_Rarely,No,1
1900,17174,11,Travel_Frequently,No,1
1903,5033,15,Travel_Rarely,No,1
1905,2307,23,Non-Travel,Yes,1
1907,2587,16,Travel_Rarely,Yes,1
1908,5507,16,Travel_Rarely,No,1
1909,4393,21,Travel_Rarely,No,1
1911,13348,13,Travel_Rarely,No,1
1912,6583,11,Travel_Rarely,No,1
1915,8103,12,Travel_Rarely,No,1
1916,3978,12,Travel_Rarely,No,1
1918,2544,18,Travel_Frequently,No,1
1922,5399,12,Travel_Frequently,No,1
1924,5487,14,Travel_Rarely,No,1
1927,6834,12,Travel_Frequently,No,1
1928,1091,17,Travel_Frequently,Yes,1
1929,5736,19,Non-Travel,No,1
1931,2226,11,Travel_Rarely,No,1
1932,5747,15,Travel_Frequently,No,1
1933,9854,11,Travel_Rarely,Yes,1
1934,5467,18,Non-Travel,No,1
1935,5380,16,Travel_Rarely,No,1
1936,5151,25,Travel_Rarely,No,1
1937,2133,16,Travel_Frequently,No,1
1938,17875,13,Travel_Rarely,No,1
1939,2432,14,Travel_Frequently,Yes,1
1940,4771,19,Travel_Rarely,No,1
1941,19161,15,Travel_Frequently,No,1
1943,5087,12,Travel_Rarely,No,1
1944,2863,12,Travel_Frequently,Yes,1
1945,5561,16,Travel_Rarely,No,1
1947,2144,14,Non-Travel,No,1
1948,3065,13,Non-Travel,No,1
1949,2810,22,Non-Travel,No,1
1950,9888,21,Travel_Rarely,No,1
1951,8628,18,Travel_Rarely,No,1
1952,2867,13,Travel_Rarely,No,1
1954,5373,12,Travel_Rarely,No,1
1955,6667,18,Non-Travel,No,1
1956,5003,21,Travel_Frequently,No,1
1960,2367,12,Travel_Rarely,Yes,1
1961,2858,14,Travel_Rarely,No,1
1962,5204,11,Travel_Rarely,No,1
1965,4105,14,Travel_Rarely,No,1
1966,9679,24,Travel_Rarely,No,1
1967,5617,11,Travel_Frequently,Yes,1
1968,10448,13,Travel_Rarely,Yes,1
1969,2897,11,Travel_Rarely,No,1
1970,5968,20,Travel_Frequently,No,1
1971,7510,17,Travel_Rarely,No,1
1972,2991,11,Travel_Frequently,No,1
1973,19636,18,Travel_Rarely,No,1
1974,1129,11,Travel_Rarely,No,1
1975,13341,12,Travel_Rarely,No,1
1976,4332,12,Non-Travel,No,1
1979,11031,20,Non-Travel,No,1
1980,4440,19,Travel_Rarely,No,1
1981,4617,12,Travel_Rarely,No,1
1982,2647,13,Travel_Rarely,No,1
1985,6323,11,Travel_Frequently,No,1
1986,5677,14,Travel_Rarely,No,1
1987,2187,14,Travel_Rarely,No,1
1989,3748,13,Travel_Rarely,No,1
1992,3977,19,Travel_Rarely,No,1
1993,8633,23,Travel_Rarely,No,1
1994,2008,12,Non-Travel,No,1
1995,4440,15,Travel_Rarely,No,1
1996,3067,19,Travel_Rarely,No,1
1997,5321,11,Travel_Frequently,No,1
1998,5410,17,Travel_Rarely,No,1
1999,2782,22,Travel_Rarely,No,1
2000,11957,18,Non-Travel,No,1
2003,2660,11,Travel_Rarely,No,1
2007,3375,12,Travel_Rarely,No,1
2008,5098,19,Travel_Rarely,No,1
2009,4878,13,Travel_Rarely,No,1
2010,2837,13,Travel_Rarely,No,1
2012,2406,19,Travel_Rarely,No,1
2013,2269,14,Travel_Rarely,No,1
2014,4108,13,Travel_Rarely,No,1
2015,13206,12,Travel_Rarely,No,1
2016,10422,19,Travel_Rarely,No,1
2017,13744,25,Travel_Rarely,No,1
2018,4907,22,Travel_Rarely,No,1
2019,3482,15,Non-Travel,No,1
2020,2436,12,Travel_Rarely,No,1
2021,2380,11,Travel_Rarely,No,1
2022,19431,13,Non-Travel,No,1
2023,1790,19,Travel_Frequently,Yes,1
2024,7644,19,Travel_Rarely,No,1
2025,5131,13,Travel_Frequently,No,1
2026,6306,21,Non-Travel,No,1
2027,4787,14,Travel_Rarely,Yes,1
2031,18880,11,Travel_Rarely,No,1
2032,2339,11,Travel_Rarely,Yes,1
2034,13570,23,Travel_Rarely,No,1
2035,6712,21,Travel_Rarely,No,1
2036,5406,24,Non-Travel,No,1
2037,8938,11,Travel_Rarely,No,1
2038,2439,14,Travel_Rarely,No,1
2040,8837,16,Travel_Rarely,No,1
2041,5343,11,Travel_Rarely,No,1
2044,6728,12,Travel_Frequently,Yes,1
2045,6652,13,Travel_Rarely,No,1
2046,4850,15,Travel_Rarely,No,1
2048,2809,14,Travel_Rarely,No,1
2049,5689,14,Travel_Frequently,No,1
2051,2001,14,Travel_Rarely,No,1
2052,2977,12,Travel_Rarely,No,1
2053,4025,13,Travel_Rarely,No,1
2054,3785,14,Travel_Rarely,No,1
2055,10854,13,Travel_Rarely,Yes,1
2056,12031,11,Travel_Rarely,No,1
2057,9936,19,Non-Travel,No,1
2060,2966,18,Travel_Rarely,No,1
2061,2571,17,Travel_Frequently,No,1
2062,9991,15,Travel_Rarely,No,1
2064,6142,20,Travel_Rarely,No,1
2065,5390,14,Travel_Frequently,No,1
2068,4404,12,Travel_Rarely,No,1
