EmployeeNumber,Age,Gender,MaritalStatus,Over18
1,41,Female,Single,Y
2,49,Male,Married,Y
4,37,Male,Single,Y
5,33,Female,Married,Y
7,27,Male,Married,Y
8,32,Male,Single,Y
10,59,Female,Married,Y
11,30,Male,Divorced,Y
12,38,Male,Single,Y
13,36,Male,Married,Y
14,35,Male,Married,Y
15,29,Female,Single,Y
16,31,Male,Divorced,Y
18,34,Male,Divorced,Y
19,28,Male,Single,Y
20,29,Female,Divorced,Y
21,32,Male,Divorced,Y
22,22,Male,Divorced,Y
23,53,Female,Married,Y
24,38,Male,Single,Y
26,24,Female,Divorced,Y
27,36,Male,Single,Y
28,34,Female,Single,Y
30,21,Male,Single,Y
31,34,Male,Single,Y
32,53,Female,Divorced,Y
33,32,Female,Single,Y
35,42,Male,Married,Y
36,44,Female,Married,Y
38,46,Female,Single,Y
39,33,Male,Single,Y
40,44,Male,Married,Y
41,30,Male,Single,Y
42,39,Male,Married,Y
45,24,Male,Married,Y
46,43,Female,Divorced,Y
47,50,Male,Married,Y
49,35,Female,Married,Y
51,36,Female,Married,Y
52,33,Female,Married,Y
53,35,Male,Divorced,Y
54,27,Female,Divorced,Y
55,26,Male,Single,Y
56,27,Male,Single,Y
57,30,Female,Single,Y
58,41,Female,Married,Y
60,34,Male,Single,Y
61,37,Male,Married,Y
62,46,Male,Single,Y
63,35,Male,Married,Y
64,48,Male,Single,Y
65,28,Male,Single,Y
68,44,Female,Divorced,Y
70,35,Male,Married,Y
72,26,Female,Married,Y
73,33,Female,Single,Y
74,35,Male,Married,Y
75,35,Female,Married,Y
76,31,Male,Divorced,Y
77,37,Male,Divorced,Y
78,32,Male,Married,Y
79,38,Female,Single,Y
80,50,Female,Divorced,Y
81,59,Female,Single,Y
83,36,Female,Divorced,Y
84,55,Female,Divorced,Y
85,36,Male,Single,Y
86,45,Male,Divorced,Y
88,35,Male,Married,Y
90,36,Male,Married,Y
91,59,Female,Single,Y
94,29,Male,Married,Y
95,31,Male,Single,Y
96,32,Male,Married,Y
97,36,Female,Married,Y
98,31,Female,Single,Y
100,35,Male,Single,Y
101,45,Male,Married,Y
102,37,Male,Single,Y
103,46,Male,Divorced,Y
104,30,Male,Married,Y
105,35,Male,Single,Y
106,55,Male,Married,Y
107,38,Female,Divorced,Y
110,34,Male,Married,Y
112,56,Male,Single,Y
113,23,Male,Divorced,Y
116,51,Male,Married,Y
117,30,Male,Married,Y
118,46,Male,Single,Y
119,40,Male,Married,Y
120,51,Male,Single,Y
121,30,Female,Divorced,Y
124,46,Male,Married,Y
125,32,Male,Single,Y
126,54,Female,Married,Y
128,24,Female,Married,Y
129,28,Male,Married,Y
131,58,Male,Single,Y
132,44,Male,Married,Y
133,37,Male,Divorced,Y
134,32,Male,Single,Y
137,20,Female,Single,Y
138,34,Female,Single,Y
139,37,Male,Divorced,Y
140,59,Female,Married,Y
141,50,Female,Married,Y
142,25,Male,Single,Y
143,25,Male,Married,Y
144,22,Female,Single,Y
145,51,Female,Single,Y
147,34,Male,Single,Y
148,54,Female,Single,Y
150,24,Male,Married,Y
151,34,Female,Divorced,Y
152,37,Male,Single,Y
153,34,Female,Single,Y
154,36,Female,Married,Y
155,36,Female,Divorced,Y
158,43,Male,Married,Y
159,30,Male,Divorced,Y
160,33,Male,Married,Y
161,56,Female,Married,Y
162,51,Male,Single,Y
163,31,Male,Married,Y
164,26,Female,Married,Y
165,58,Female,Married,Y
167,19,Male,Single,Y
169,22,Male,Married,Y
170,49,Female,Married,Y
171,43,Female,Single,Y
174,50,Female,Single,Y
175,31,Female,Married,Y
176,41,Male,Divorced,Y
177,26,Female,Married,Y
178,36,Male,Divorced,Y
179,51,Male,Single,Y
182,39,Female,Married,Y
183,25,Male,Married,Y
184,30,Male,Married,Y
190,32,Female,Single,Y
192,45,Male,Single,Y
193,38,Female,Single,Y
194,30,Female,Single,Y
195,32,Male,Divorced,Y
197,30,Female,Divorced,Y
198,30,Male,Single,Y
199,41,Male,Divorced,Y
200,41,Male,Married,Y
201,19,Female,Single,Y
202,40,Female,Divorced,Y
204,35,Male,Married,Y
205,53,Male,Married,Y
206,45,Male,Divorced,Y
207,32,Female,Single,Y
208,29,Male,Married,Y
211,51,Male,Married,Y
214,58,Female,Married,Y
215,40,Male,Married,Y
216,34,Female,Married,Y
217,22,Male,Married,Y
218,27,Male,Divorced,Y
221,28,Male,Married,Y
223,57,Male,Divorced,Y
224,27,Male,Divorced,Y
226,50,Female,Single,Y
227,41,Male,Divorced,Y
228,30,Female,Married,Y
230,38,Female,Single,Y
231,32,Male,Single,Y
233,27,Male,Married,Y
235,19,Female,Single,Y
238,36,Male,Single,Y
239,30,Male,Divorced,Y
240,45,Female,Divorced,Y
241,56,Female,Divorced,Y
242,33,Male,Single,Y
243,19,Male,Single,Y
244,46,Female,Divorced,Y
245,38,Female,Single,Y
246,31,Female,Married,Y
247,34,Female,Single,Y
248,41,Female,Single,Y
249,50,Male,Married,Y
250,53,Female,Divorced,Y
252,33,Female,Married,Y
253,40,Female,Married,Y
254,55,Male,Single,Y
256,34,Male,Married,Y
258,51,Female,Single,Y
259,52,Male,Married,Y
260,27,Female,Single,Y
261,35,Male,Married,Y
262,43,Male,Divorced,Y
264,45,Male,Married,Y
267,37,Male,Married,Y
269,35,Female,Single,Y
270,42,Female,Divorced,Y
271,38,Male,Married,Y
273,38,Male,Married,Y
274,27,Male,Married,Y
275,49,Male,Divorced,Y
277,34,Male,Divorced,Y
281,40,Male,Married,Y
282,38,Male,Married,Y
283,29,Female,Married,Y
284,22,Male,Divorced,Y
286,36,Female,Single,Y
287,40,Male,Married,Y
288,46,Male,Divorced,Y
291,32,Male,Married,Y
292,30,Male,Single,Y
293,27,Female,Single,Y
296,51,Male,Married,Y
297,30,Female,Single,Y
298,41,Female,Single,Y
299,30,Female,Single,Y
300,29,Male,Single,Y
302,45,Female,Single,Y
303,54,Female,Married,Y
304,36,Male,Single,Y
305,33,Female,Married,Y
306,37,Male,Divorced,Y
307,38,Male,Divorced,Y
308,31,Male,Married,Y
309,59,Male,Married,Y
311,37,Male,Divorced,Y
312,29,Female,Married,Y
314,35,Female,Single,Y
315,29,Male,Single,Y
316,52,Female,Single,Y
319,42,Male,Married,Y
321,59,Male,Married,Y
323,50,Female,Divorced,Y
325,33,Male,Married,Y
327,43,Female,Married,Y
328,33,Female,Married,Y
329,52,Male,Single,Y
330,32,Female,Married,Y
331,32,Male,Single,Y
332,39,Female,Divorced,Y
333,32,Male,Married,Y
334,41,Male,Divorced,Y
335,40,Male,Divorced,Y
336,45,Male,Married,Y
337,31,Male,Divorced,Y
338,33,Female,Married,Y
339,34,Male,Married,Y
340,37,Female,Married,Y
341,45,Male,Married,Y
342,37,Male,Divorced,Y
343,39,Female,Single,Y
346,29,Male,Single,Y
347,42,Female,Single,Y
349,29,Male,Divorced,Y
350,25,Female,Married,Y
351,42,Female,Divorced,Y
352,40,Male,Divorced,Y
353,51,Male,Married,Y
355,31,Male,Single,Y
359,32,Male,Married,Y
361,38,Male,Married,Y
362,32,Male,Single,Y
363,46,Female,Married,Y
364,28,Male,Single,Y
366,29,Male,Married,Y
367,31,Male,Married,Y
369,25,Male,Divorced,Y
372,45,Male,Married,Y
373,36,Male,Married,Y
374,55,Male,Single,Y
376,47,Male,Married,Y
377,28,Male,Married,Y
378,37,Male,Married,Y
379,21,Male,Single,Y
380,37,Female,Divorced,Y
381,35,Female,Divorced,Y
382,38,Female,Divorced,Y
384,26,Female,Divorced,Y
385,50,Male,Divorced,Y
386,53,Male,Married,Y
387,42,Male,Married,Y
388,29,Male,Single,Y
389,55,Male,Married,Y
390,26,Male,Married,Y
391,37,Female,Single,Y
392,44,Male,Divorced,Y
393,38,Male,Divorced,Y
394,26,Male,Divorced,Y
395,28,Female,Single,Y
396,49,Female,Single,Y
397,36,Male,Single,Y
399,31,Female,Divorced,Y
401,26,Male,Single,Y
403,37,Male,Married,Y
404,42,Female,Married,Y
405,18,Male,Single,Y
406,35,Male,Married,Y
407,36,Male,Married,Y
408,51,Male,Divorced,Y
410,41,Male,Single,Y
411,18,Female,Single,Y
412,28,Male,Single,Y
416,31,Male,Married,Y
417,39,Male,Divorced,Y
419,36,Female,Married,Y
420,32,Male,Married,Y
421,38,Female,Married,Y
422,58,Male,Divorced,Y
423,31,Male,Married,Y
424,31,Male,Married,Y
425,45,Male,Divorced,Y
426,31,Male,Divorced,Y
428,33,Female,Married,Y
429,39,Male,Married,Y
430,43,Female,Single,Y
431,49,Female,Single,Y
433,52,Male,Married,Y
434,27,Female,Single,Y
436,32,Female,Married,Y
437,27,Male,Single,Y
438,31,Male,Divorced,Y
439,32,Female,Single,Y
440,28,Male,Married,Y
441,30,Female,Married,Y
442,31,Female,Married,Y
444,39,Male,Married,Y
445,39,Female,Married,Y
446,33,Male,Single,Y
447,47,Male,Married,Y
448,43,Female,Divorced,Y
449,27,Male,Married,Y
450,54,Female,Single,Y
451,43,Female,Married,Y
452,45,Male,Married,Y
453,40,Male,Married,Y
454,29,Male,Married,Y
455,29,Male,Single,Y
456,30,Female,Divorced,Y
458,27,Female,Married,Y
460,37,Male,Divorced,Y
461,38,Male,Divorced,Y
462,31,Female,Single,Y
463,29,Female,Divorced,Y
464,35,Male,Single,Y
465,23,Male,Divorced,Y
466,41,Male,Single,Y
467,47,Male,Single,Y
468,42,Female,Single,Y
469,29,Male,Married,Y
470,42,Male,Divorced,Y
471,32,Female,Married,Y
473,48,Female,Married,Y
474,37,Male,Divorced,Y
475,30,Female,Married,Y
476,26,Male,Married,Y
477,42,Male,Single,Y
478,21,Female,Single,Y
479,36,Female,Single,Y
481,36,Male,Married,Y
482,57,Male,Married,Y
483,40,Female,Married,Y
484,21,Male,Single,Y
485,33,Female,Single,Y
486,37,Female,Married,Y
487,46,Female,Married,Y
488,41,Male,Single,Y
491,50,Male,Single,Y
492,40,Male,Married,Y
493,31,Male,Single,Y
494,21,Female,Single,Y
495,29,Male,Single,Y
496,35,Male,Single,Y
497,27,Male,Divorced,Y
498,28,Male,Single,Y
499,49,Male,Single,Y
500,51,Female,Married,Y
501,36,Female,Married,Y
502,34,Male,Single,Y
505,55,Female,Single,Y
507,24,Female,Divorced,Y
508,30,Male,Married,Y
510,26,Male,Single,Y
511,22,Female,Married,Y
513,36,Male,Married,Y
514,30,Male,Single,Y
515,37,Female,Divorced,Y
516,40,Female,Divorced,Y
517,42,Female,Divorced,Y
518,37,Male,Single,Y
520,43,Male,Divorced,Y
521,40,Female,Married,Y
522,54,Male,Married,Y
523,34,Female,Married,Y
524,31,Female,Married,Y
525,43,Male,Married,Y
526,43,Female,Divorced,Y
527,25,Female,Single,Y
529,37,Female,Married,Y
530,31,Male,Married,Y
531,39,Male,Divorced,Y
532,56,Female,Married,Y
533,30,Female,Single,Y
534,41,Male,Married,Y
536,28,Male,Divorced,Y
538,25,Male,Married,Y
543,52,Male,Married,Y
544,45,Male,Married,Y
546,52,Female,Married,Y
547,42,Female,Divorced,Y
548,30,Female,Single,Y
549,60,Female,Married,Y
550,46,Female,Divorced,Y
551,42,Female,Married,Y
554,24,Female,Single,Y
555,34,Female,Divorced,Y
556,38,Male,Married,Y
558,40,Female,Married,Y
560,26,Female,Divorced,Y
562,30,Male,Married,Y
564,29,Male,Married,Y
565,29,Female,Married,Y
566,19,Male,Single,Y
567,30,Female,Married,Y
568,57,Male,Divorced,Y
569,50,Male,Married,Y
571,30,Female,Single,Y
573,60,Female,Married,Y
574,47,Female,Divorced,Y
575,46,Male,Married,Y
577,35,Male,Single,Y
578,54,Female,Single,Y
579,34,Male,Divorced,Y
580,46,Female,Married,Y
581,31,Male,Divorced,Y
582,33,Male,Married,Y
584,33,Male,Divorced,Y
585,30,Male,Single,Y
586,35,Male,Married,Y
587,31,Male,Married,Y
590,34,Female,Divorced,Y
591,42,Male,Married,Y
592,36,Male,Single,Y
593,22,Male,Single,Y
595,48,Female,Married,Y
597,55,Female,Single,Y
599,41,Male,Single,Y
600,35,Male,Married,Y
601,40,Female,Single,Y
602,39,Female,Married,Y
604,31,Male,Single,Y
605,42,Male,Married,Y
606,45,Male,Married,Y
608,26,Female,Divorced,Y
611,29,Male,Divorced,Y
612,33,Female,Divorced,Y
613,31,Male,Divorced,Y
614,18,Male,Single,Y
615,40,Male,Divorced,Y
616,41,Female,Single,Y
618,26,Male,Divorced,Y
620,35,Female,Single,Y
621,34,Male,Single,Y
622,26,Male,Single,Y
623,37,Female,Single,Y
624,46,Female,Married,Y
625,41,Female,Married,Y
626,37,Male,Divorced,Y
630,52,Male,Divorced,Y
631,32,Male,Married,Y
632,24,Male,Married,Y
634,38,Female,Married,Y
635,37,Female,Married,Y
638,49,Male,Divorced,Y
639,24,Male,Married,Y
641,26,Male,Married,Y
643,24,Male,Married,Y
644,50,Male,Married,Y
645,25,Male,Married,Y
647,24,Female,Married,Y
648,30,Male,Married,Y
649,34,Male,Married,Y
650,31,Male,Divorced,Y
652,35,Male,Single,Y
653,31,Male,Divorced,Y
655,27,Female,Divorced,Y
656,37,Male,Married,Y
657,20,Female,Single,Y
659,42,Female,Married,Y
661,43,Male,Divorced,Y
662,38,Female,Single,Y
663,43,Male,Divorced,Y
664,48,Female,Married,Y
665,44,Female,Single,Y
666,34,Female,Divorced,Y
667,27,Male,Divorced,Y
669,21,Male,Single,Y
671,44,Male,Married,Y
675,22,Male,Married,Y
677,33,Male,Divorced,Y
679,32,Female,Married,Y
680,30,Female,Divorced,Y
682,53,Female,Single,Y
683,34,Male,Married,Y
684,45,Female,Married,Y
686,26,Female,Married,Y
689,37,Male,Married,Y
690,29,Female,Married,Y
691,35,Male,Single,Y
692,33,Male,Divorced,Y
698,54,Male,Married,Y
699,36,Male,Divorced,Y
700,27,Male,Single,Y
701,20,Male,Single,Y
702,33,Male,Single,Y
704,35,Male,Married,Y
705,23,Male,Married,Y
707,25,Male,Married,Y
709,38,Female,Single,Y
710,29,Male,Divorced,Y
712,48,Male,Married,Y
714,27,Female,Divorced,Y
715,37,Male,Single,Y
716,50,Male,Married,Y
717,34,Female,Single,Y
720,24,Female,Single,Y
721,39,Female,Single,Y
722,32,Male,Single,Y
723,50,Male,Married,Y
724,38,Female,Single,Y
725,27,Female,Married,Y
727,32,Female,Single,Y
728,47,Male,Single,Y
729,40,Male,Married,Y
730,53,Male,Married,Y
731,41,Male,Divorced,Y
732,60,Male,Single,Y
733,27,Male,Divorced,Y
734,41,Male,Married,Y
738,50,Male,Married,Y
741,28,Female,Single,Y
742,36,Female,Married,Y
743,38,Female,Single,Y
744,44,Male,Single,Y
746,47,Female,Divorced,Y
747,30,Male,Divorced,Y
749,29,Male,Single,Y
752,42,Male,Divorced,Y
754,43,Male,Married,Y
757,34,Female,Single,Y
758,23,Male,Married,Y
760,39,Female,Married,Y
762,56,Male,Married,Y
763,40,Female,Single,Y
764,27,Female,Single,Y
766,29,Male,Divorced,Y
769,53,Male,Single,Y
771,35,Female,Divorced,Y
772,32,Male,Married,Y
773,38,Male,Married,Y
775,34,Female,Divorced,Y
776,52,Male,Married,Y
780,33,Male,Single,Y
781,25,Female,Single,Y
783,45,Male,Single,Y
784,23,Male,Single,Y
785,47,Female,Single,Y
786,34,Male,Single,Y
787,55,Male,Married,Y
789,36,Male,Single,Y
791,52,Male,Married,Y
792,26,Female,Divorced,Y
793,29,Female,Married,Y
796,26,Male,Single,Y
797,34,Female,Single,Y
799,54,Female,Divorced,Y
800,27,Male,Married,Y
802,37,Female,Divorced,Y
803,38,Female,Single,Y
804,34,Female,Single,Y
805,35,Female,Married,Y
806,30,Male,Married,Y
807,40,Female,Married,Y
808,34,Female,Married,Y
809,42,Male,Divorced,Y
811,23,Male,Married,Y
812,24,Male,Divorced,Y
813,52,Female,Married,Y
815,50,Male,Married,Y
816,29,Female,Married,Y
817,33,Male,Married,Y
819,33,Female,Single,Y
820,47,Female,Married,Y
823,36,Female,Married,Y
824,29,Male,Married,Y
825,58,Male,Single,Y
826,35,Female,Single,Y
827,42,Female,Married,Y
828,28,Male,Single,Y
829,36,Male,Married,Y
830,32,Female,Married,Y
832,40,Male,Single,Y
833,30,Female,Single,Y
834,45,Female,Single,Y
836,42,Male,Married,Y
837,38,Male,Divorced,Y
838,34,Female,Single,Y
840,49,Female,Married,Y
842,55,Male,Single,Y
843,43,Male,Married,Y
844,27,Male,Divorced,Y
845,35,Male,Single,Y
846,28,Female,Married,Y
847,34,Male,Married,Y
848,26,Female,Married,Y
850,27,Male,Married,Y
851,51,Female,Married,Y
852,44,Male,Single,Y
854,25,Male,Single,Y
855,33,Male,Divorced,Y
856,35,Female,Single,Y
857,36,Male,Married,Y
859,32,Male,Divorced,Y
861,30,Male,Divorced,Y
862,53,Female,Married,Y
864,45,Male,Divorced,Y
865,32,Female,Married,Y
867,52,Female,Married,Y
868,37,Male,Divorced,Y
869,28,Male,Divorced,Y
872,22,Male,Married,Y
874,44,Male,Married,Y
875,42,Male,Single,Y
878,36,Male,Married,Y
879,25,Male,Married,Y
880,35,Female,Married,Y
881,35,Female,Divorced,Y
882,32,Male,Divorced,Y
885,25,Male,Married,Y
887,49,Female,Married,Y
888,24,Male,Married,Y
889,32,Male,Married,Y
893,38,Male,Married,Y
894,42,Female,Married,Y
895,31,Male,Married,Y
896,29,Female,Divorced,Y
897,53,Male,Married,Y
899,35,Male,Married,Y
900,37,Female,Married,Y
901,53,Female,Single,Y
902,43,Female,Married,Y
903,47,Female,Married,Y
904,37,Male,Single,Y
905,50,Male,Divorced,Y
909,39,Female,Married,Y
910,33,Male,Divorced,Y
911,32,Male,Single,Y
912,29,Female,Divorced,Y
913,44,Male,Married,Y
916,28,Male,Single,Y
918,58,Male,Divorced,Y
920,43,Female,Divorced,Y
922,20,Female,Single,Y
923,21,Female,Single,Y
924,36,Male,Married,Y
925,47,Female,Single,Y
926,22,Female,Married,Y
927,41,Female,Divorced,Y
930,28,Female,Divorced,Y
932,39,Male,Married,Y
933,27,Female,Single,Y
934,34,Male,Divorced,Y
936,42,Female,Single,Y
939,33,Male,Single,Y
940,58,Female,Divorced,Y
941,31,Male,Married,Y
942,35,Female,Married,Y
944,49,Female,Married,Y
945,48,Male,Married,Y
947,31,Female,Married,Y
949,36,Male,Single,Y
950,38,Female,Married,Y
951,32,Female,Married,Y
952,25,Male,Married,Y
954,40,Male,Divorced,Y
956,26,Male,Single,Y
957,41,Male,Single,Y
958,36,Male,Single,Y
959,19,Male,Single,Y
960,20,Male,Single,Y
961,31,Female,Married,Y
964,40,Male,Divorced,Y
966,32,Female,Married,Y
967,36,Male,Married,Y
969,33,Female,Single,Y
970,37,Male,Married,Y
972,45,Male,Married,Y
974,29,Female,Married,Y
975,35,Female,Married,Y
976,52,Male,Married,Y
977,58,Male,Single,Y
981,53,Male,Divorced,Y
982,30,Male,Divorced,Y
983,38,Female,Single,Y
984,35,Male,Divorced,Y
985,39,Male,Single,Y
986,40,Female,Single,Y
987,47,Male,Divorced,Y
990,36,Male,Divorced,Y
991,31,Male,Single,Y
992,33,Male,Single,Y
994,29,Female,Single,Y
995,33,Female,Single,Y
996,45,Female,Divorced,Y
997,50,Male,Divorced,Y
998,33,Female,Married,Y
999,41,Male,Divorced,Y
1001,27,Female,Married,Y
1002,45,Male,Married,Y
1003,47,Female,Single,Y
1004,30,Female,Married,Y
1005,50,Male,Married,Y
1006,38,Male,Married,Y
1007,46,Male,Divorced,Y
1009,24,Female,Divorced,Y
1010,35,Male,Divorced,Y
1011,31,Female,Married,Y
1012,18,Male,Single,Y
1013,54,Female,Married,Y
1014,35,Female,Divorced,Y
1015,30,Female,Married,Y
1016,20,Female,Single,Y
1017,30,Female,Single,Y
1018,26,Male,Married,Y
1019,22,Male,Married,Y
1022,48,Male,Single,Y
1024,48,Male,Single,Y
1025,41,Female,Single,Y
1026,39,Female,Married,Y
1027,27,Female,Married,Y
1028,35,Male,Divorced,Y
1029,42,Male,Married,Y
1030,50,Male,Married,Y
1032,59,Female,Single,Y
1033,37,Female,Married,Y
1034,55,Male,Married,Y
1035,41,Female,Divorced,Y
1036,38,Male,Single,Y
1037,26,Male,Single,Y
1038,52,Female,Married,Y
1039,44,Female,Married,Y
1040,50,Female,Married,Y
1042,36,Female,Single,Y
1043,39,Female,Single,Y
1044,33,Female,Single,Y
1045,45,Female,Married,Y
1046,32,Female,Single,Y
1047,34,Male,Divorced,Y
1048,59,Male,Married,Y
1049,45,Male,Single,Y
1050,53,Female,Married,Y
1052,36,Male,Divorced,Y
1053,26,Male,Married,Y
1055,34,Female,Married,Y
1056,28,Male,Married,Y
1060,38,Male,Married,Y
1061,50,Male,Married,Y
1062,37,Female,Single,Y
1066,40,Male,Married,Y
1068,26,Female,Divorced,Y
1069,46,Male,Divorced,Y
1070,54,Female,Married,Y
1071,56,Female,Married,Y
1073,36,Female,Single,Y
1074,55,Male,Single,Y
1076,43,Male,Divorced,Y
1077,20,Female,Single,Y
1079,21,Female,Single,Y
1080,46,Female,Divorced,Y
1081,51,Male,Married,Y
1082,28,Male,Single,Y
1083,26,Male,Married,Y
1084,30,Male,Married,Y
1085,41,Female,Married,Y
1088,38,Female,Married,Y
1092,40,Male,Married,Y
1094,27,Male,Married,Y
1096,55,Male,Married,Y
1097,28,Female,Single,Y
1098,44,Male,Married,Y
1099,33,Male,Divorced,Y
1100,35,Male,Single,Y
1101,33,Female,Single,Y
1102,28,Male,Divorced,Y
1103,34,Male,Single,Y
1105,37,Female,Divorced,Y
1106,25,Male,Married,Y
1107,26,Male,Divorced,Y
1108,33,Male,Single,Y
1109,42,Male,Married,Y
1111,28,Male,Divorced,Y
1113,50,Male,Single,Y
1114,33,Female,Married,Y
1115,34,Male,Married,Y
1116,48,Male,Single,Y
1117,45,Female,Married,Y
1118,52,Male,Single,Y
1119,38,Male,Divorced,Y
1120,29,Female,Divorced,Y
1121,28,Female,Divorced,Y
1124,46,Male,Married,Y
1125,38,Male,Single,Y
1126,43,Female,Married,Y
1127,39,Male,Divorced,Y
1128,40,Male,Single,Y
1131,21,Female,Single,Y
1132,39,Male,Single,Y
1133,36,Male,Single,Y
1135,31,Male,Married,Y
1136,28,Male,Married,Y
1137,35,Male,Divorced,Y
1138,49,Male,Married,Y
1140,34,Male,Single,Y
1143,29,Female,Divorced,Y
1148,42,Male,Single,Y
1150,29,Male,Married,Y
1152,38,Male,Married,Y
1154,28,Male,Divorced,Y
1156,18,Male,Single,Y
1157,33,Female,Single,Y
1158,41,Male,Married,Y
1160,31,Male,Married,Y
1161,37,Female,Divorced,Y
1162,27,Male,Married,Y
1163,34,Female,Married,Y
1164,35,Male,Single,Y
1165,29,Female,Married,Y
1166,40,Female,Single,Y
1167,42,Male,Single,Y
1171,42,Male,Single,Y
1172,35,Male,Married,Y
1173,24,Male,Single,Y
1175,28,Female,Married,Y
1177,26,Male,Married,Y
1179,30,Male,Married,Y
1180,40,Female,Married,Y
1182,35,Male,Divorced,Y
1184,34,Male,Single,Y
1185,35,Male,Married,Y
1188,43,Female,Single,Y
1190,32,Female,Divorced,Y
1191,56,Female,Divorced,Y
1192,29,Female,Married,Y
1193,19,Male,Single,Y
1195,45,Female,Married,Y
1196,37,Female,Married,Y
1198,20,Male,Single,Y
1200,44,Male,Single,Y
1201,53,Female,Divorced,Y
1202,29,Female,Married,Y
1203,22,Male,Married,Y
1204,46,Female,Married,Y
1206,44,Male,Single,Y
1207,33,Male,Married,Y
1210,41,Male,Divorced,Y
1211,30,Male,Divorced,Y
1212,40,Male,Married,Y
1215,50,Female,Married,Y
1216,28,Male,Married,Y
1217,46,Male,Married,Y
1218,35,Male,Married,Y
1219,24,Female,Married,Y
1220,33,Female,Married,Y
1221,36,Male,Divorced,Y
1224,30,Male,Divorced,Y
1225,44,Male,Single,Y
1226,20,Male,Single,Y
1228,46,Male,Divorced,Y
1231,42,Male,Married,Y
1233,60,Male,Divorced,Y
1234,32,Female,Married,Y
1235,32,Female,Single,Y
1237,36,Female,Divorced,Y
1238,33,Male,Married,Y
1239,40,Female,Divorced,Y
1240,25,Male,Single,Y
1241,30,Male,Married,Y
1242,42,Female,Married,Y
1243,35,Female,Married,Y
1244,27,Male,Married,Y
1245,54,Female,Divorced,Y
1246,44,Female,Married,Y
1248,19,Female,Single,Y
1249,29,Female,Divorced,Y
1250,54,Male,Married,Y
1251,31,Male,Married,Y
1252,31,Female,Single,Y
1254,59,Female,Single,Y
1255,43,Male,Married,Y
1256,49,Male,Married,Y
1257,36,Male,Married,Y
1258,48,Male,Single,Y
1259,27,Male,Divorced,Y
1260,29,Male,Divorced,Y
1263,48,Male,Single,Y
1264,29,Female,Divorced,Y
1265,34,Female,Married,Y
1267,44,Male,Married,Y
1268,33,Male,Divorced,Y
1269,19,Female,Single,Y
1270,23,Male,Married,Y
1273,25,Male,Single,Y
1275,26,Male,Single,Y
1277,45,Female,Single,Y
1278,55,Male,Divorced,Y
1279,21,Female,Single,Y
1280,46,Female,Married,Y
1281,34,Female,Single,Y
1282,51,Male,Divorced,Y
1283,59,Male,Single,Y
1285,34,Female,Divorced,Y
1286,28,Male,Single,Y
1288,44,Male,Divorced,Y
1289,34,Male,Married,Y
1291,35,Male,Married,Y
1292,42,Female,Married,Y
1293,43,Female,Single,Y
1294,36,Female,Single,Y
1295,44,Female,Married,Y
1296,28,Male,Married,Y
1297,51,Female,Single,Y
1298,30,Female,Single,Y
1299,29,Female,Divorced,Y
1301,28,Male,Single,Y
1303,25,Female,Single,Y
1304,32,Male,Married,Y
1306,45,Female,Single,Y
1307,39,Female,Divorced,Y
1308,58,Male,Divorced,Y
1309,32,Male,Married,Y
1310,39,Male,Single,Y
1311,30,Female,Married,Y
1312,36,Female,Married,Y
1314,46,Female,Single,Y
1315,28,Female,Married,Y
1317,50,Female,Married,Y
1318,40,Male,Single,Y
1319,52,Male,Single,Y
1321,30,Female,Married,Y
1322,39,Male,Single,Y
1324,31,Female,Divorced,Y
1329,41,Male,Single,Y
1331,31,Female,Single,Y
1333,44,Male,Married,Y
1334,42,Male,Married,Y
1336,55,Female,Married,Y
1338,56,Male,Single,Y
1340,40,Male,Divorced,Y
1344,34,Male,Divorced,Y
1346,40,Male,Single,Y
1349,41,Female,Divorced,Y
1350,35,Male,Single,Y
1352,51,Male,Divorced,Y
1355,38,Female,Divorced,Y
1356,34,Female,Single,Y
1358,25,Male,Married,Y
1360,58,Female,Married,Y
1361,40,Male,Married,Y
1362,36,Female,Married,Y
1363,48,Male,Single,Y
1364,27,Female,Married,Y
1367,51,Female,Single,Y
1368,18,Female,Single,Y
1369,35,Female,Married,Y
1371,27,Male,Single,Y
1372,55,Male,Single,Y
1373,56,Male,Married,Y
1374,34,Female,Divorced,Y
1375,40,Female,Divorced,Y
1377,34,Male,Married,Y
1379,31,Female,Single,Y
1380,35,Female,Married,Y
1382,38,Male,Divorced,Y
1383,34,Female,Single,Y
1387,28,Male,Married,Y
1389,31,Male,Married,Y
1390,39,Male,Married,Y
1391,51,Male,Married,Y
1392,41,Female,Divorced,Y
1394,37,Male,Married,Y
1395,33,Male,Married,Y
1396,32,Male,Married,Y
1397,39,Male,Married,Y
1399,25,Male,Married,Y
1401,52,Female,Married,Y
1402,43,Female,Single,Y
1403,27,Female,Married,Y
1405,27,Female,Single,Y
1407,26,Male,Single,Y
1408,42,Female,Married,Y
1409,52,Female,Married,Y
1411,37,Female,Single,Y
1412,35,Male,Single,Y
1415,25,Male,Married,Y
1417,26,Male,Single,Y
1419,29,Male,Single,Y
1420,49,Male,Single,Y
1421,29,Female,Single,Y
1422,54,Female,Single,Y
1423,58,Female,Married,Y
1424,55,Male,Divorced,Y
1425,36,Female,Single,Y
1427,31,Female,Single,Y
1428,30,Female,Divorced,Y
1430,31,Female,Single,Y
1431,34,Male,Divorced,Y
1433,31,Female,Single,Y
1434,27,Male,Married,Y
1435,36,Male,Single,Y
1436,36,Female,Married,Y
1438,47,Male,Married,Y
1439,25,Male,Married,Y
1440,37,Male,Single,Y
1441,56,Female,Married,Y
1443,47,Female,Married,Y
1445,24,Female,Married,Y
1446,32,Male,Married,Y
1447,34,Female,Married,Y
1448,41,Male,Married,Y
1449,40,Male,Divorced,Y
1453,31,Male,Divorced,Y
1457,46,Male,Divorced,Y
1458,39,Female,Single,Y
1459,31,Female,Single,Y
1460,45,Male,Divorced,Y
1461,31,Female,Single,Y
1464,31,Male,Married,Y
1465,45,Male,Married,Y
1466,48,Male,Divorced,Y
1467,34,Female,Married,Y
1468,40,Male,Divorced,Y
1469,28,Male,Single,Y
1471,44,Male,Single,Y
1472,53,Male,Single,Y
1473,49,Male,Married,Y
1474,40,Male,Divorced,Y
1475,44,Male,Single,Y
1477,33,Male,Married,Y
1478,34,Male,Single,Y
1479,30,Male,Married,Y
1480,42,Female,Single,Y
1481,44,Female,Married,Y
1482,30,Male,Divorced,Y
1483,57,Male,Married,Y
1484,49,Male,Divorced,Y
1485,34,Male,Divorced,Y
1486,28,Male,Married,Y
1487,29,Female,Single,Y
1489,34,Female,Single,Y
1492,35,Male,Married,Y
1494,24,Male,Single,Y
1495,24,Female,Married,Y
1496,44,Male,Single,Y
1497,29,Male,Divorced,Y
1499,30,Male,Divorced,Y
1501,55,Male,Married,Y
1502,33,Female,Married,Y
1503,47,Female,Married,Y
1504,28,Male,Single,Y
1506,28,Male,Divorced,Y
1507,28,Male,Single,Y
1509,49,Female,Married,Y
1513,29,Female,Married,Y
1514,28,Male,Married,Y
1515,33,Male,Single,Y
1516,32,Male,Single,Y
1520,54,Female,Divorced,Y
1522,29,Male,Single,Y
1523,44,Male,Married,Y
1525,39,Female,Single,Y
1527,46,Female,Married,Y
1529,35,Female,Single,Y
1533,23,Male,Single,Y
1534,40,Male,Single,Y
1535,34,Male,Married,Y
1537,31,Female,Single,Y
1539,50,Male,Single,Y
1541,34,Male,Married,Y
1542,42,Male,Married,Y
1543,37,Male,Married,Y
1544,29,Female,Married,Y
1545,33,Male,Single,Y
1546,45,Male,Married,Y
1547,42,Male,Married,Y
1548,40,Male,Married,Y
1549,33,Male,Married,Y
1550,40,Male,Single,Y
1551,24,Male,Divorced,Y
1552,40,Male,Divorced,Y
1553,45,Male,Divorced,Y
1554,35,Female,Married,Y
1555,32,Female,Married,Y
1556,36,Male,Single,Y
1557,48,Female,Divorced,Y
1558,29,Male,Married,Y
1560,33,Male,Married,Y
1562,30,Male,Married,Y
1563,38,Male,Married,Y
1564,35,Male,Single,Y
1568,30,Male,Married,Y
1569,35,Female,Divorced,Y
1572,53,Female,Married,Y
1573,38,Male,Married,Y
1574,32,Male,Married,Y
1576,48,Female,Married,Y
1577,34,Male,Single,Y
1578,55,Male,Married,Y
1580,34,Male,Married,Y
1581,26,Female,Married,Y
1582,38,Male,Married,Y
1583,38,Female,Single,Y
1585,36,Female,Single,Y
1586,29,Male,Single,Y
1587,35,Female,Single,Y
1588,39,Male,Married,Y
1590,29,Male,Divorced,Y
1591,50,Male,Married,Y
1592,23,Male,Married,Y
1594,36,Male,Married,Y
1595,42,Male,Single,Y
1596,35,Male,Married,Y
1597,34,Male,Married,Y
1598,40,Female,Married,Y
1599,43,Male,Divorced,Y
1601,35,Male,Married,Y
1602,46,Male,Single,Y
1604,28,Male,Married,Y
1605,22,Female,Married,Y
1606,50,Male,Married,Y
1607,32,Female,Married,Y
1608,44,Female,Divorced,Y
1609,30,Male,Married,Y
1611,45,Female,Single,Y
1612,45,Male,Married,Y
1613,31,Male,Single,Y
1614,36,Female,Married,Y
1615,34,Male,Divorced,Y
1617,49,Female,Married,Y
1618,39,Male,Married,Y
1619,27,Male,Divorced,Y
1621,35,Male,Married,Y
1622,28,Female,Divorced,Y
1623,21,Male,Single,Y
1624,18,Female,Single,Y
1625,47,Female,Married,Y
1627,39,Male,Divorced,Y
1628,40,Female,Married,Y
1630,35,Female,Married,Y
1631,37,Male,Married,Y
1633,39,Female,Single,Y
1635,45,Female,Divorced,Y
1638,38,Female,Married,Y
1639,35,Male,Married,Y
1640,37,Female,Married,Y
1641,40,Female,Single,Y
1642,44,Male,Married,Y
1644,48,Male,Married,Y
1645,35,Male,Divorced,Y
1646,24,Female,Single,Y
1647,27,Female,Married,Y
1648,27,Male,Single,Y
1649,40,Male,Single,Y
1650,29,Male,Single,Y
1651,36,Female,Married,Y
1653,25,Male,Divorced,Y
1654,39,Male,Married,Y
1655,49,Female,Married,Y
1656,50,Female,Divorced,Y
1657,20,Female,Single,Y
1658,34,Female,Divorced,Y
1659,36,Male,Single,Y
1661,49,Female,Married,Y
1662,36,Female,Married,Y
1664,36,Male,Divorced,Y
1665,54,Female,Married,Y
1666,43,Male,Married,Y
1667,35,Male,Single,Y
1668,38,Male,Married,Y
1669,29,Male,Divorced,Y
1670,33,Male,Divorced,Y
1671,32,Male,Divorced,Y
1673,31,Female,Married,Y
1674,49,Female,Divorced,Y
1675,38,Female,Single,Y
1676,47,Female,Divorced,Y
1677,49,Male,Single,Y
1678,41,Male,Single,Y
1680,20,Male,Single,Y
1681,33,Female,Divorced,Y
1682,36,Male,Married,Y
1683,44,Female,Divorced,Y
1684,23,Male,Single,Y
1687,38,Female,Married,Y
1689,53,Male,Married,Y
1691,48,Female,Married,Y
1692,32,Male,Single,Y
1693,26,Male,Single,Y
1694,55,Male,Divorced,Y
1696,34,Male,Married,Y
1697,60,Male,Divorced,Y
1698,33,Male,Married,Y
1700,37,Male,Divorced,Y
1701,34,Female,Married,Y
1702,23,Male,Divorced,Y
1703,44,Female,Married,Y
1704,35,Male,Single,Y
1706,43,Male,Married,Y
1707,24,Male,Married,Y
1708,41,Male,Single,Y
1709,29,Female,Married,Y
1710,36,Female,Single,Y
1712,45,Male,Married,Y
1714,24,Male,Married,Y
1716,47,Male,Married,Y
1718,26,Male,Married,Y
1719,45,Female,Single,Y
1720,32,Male,Married,Y
1721,31,Male,Married,Y
1722,41,Male,Married,Y
1724,40,Female,Married,Y
1725,24,Male,Divorced,Y
1727,46,Male,Single,Y
1728,35,Male,Married,Y
1729,30,Male,Married,Y
1731,47,Male,Married,Y
1732,46,Male,Divorced,Y
1733,36,Male,Divorced,Y
1734,32,Male,Single,Y
1735,23,Female,Single,Y
1736,31,Female,Single,Y
1737,39,Male,Married,Y
1739,32,Male,Married,Y
1740,40,Male,Single,Y
1744,45,Female,Married,Y
1745,30,Female,Single,Y
1746,24,Male,Married,Y
1747,30,Female,Divorced,Y
1749,31,Male,Married,Y
1751,27,Female,Single,Y
1752,29,Female,Single,Y
1753,29,Male,Single,Y
1754,30,Male,Divorced,Y
1755,34,Male,Married,Y
1756,33,Female,Single,Y
1757,49,Female,Single,Y
1758,33,Female,Single,Y
1760,38,Female,Married,Y
1761,31,Male,Married,Y
1762,29,Female,Divorced,Y
1763,30,Male,Married,Y
1764,32,Male,Single,Y
1766,38,Male,Married,Y
1767,43,Male,Married,Y
1768,42,Male,Divorced,Y
1770,55,Male,Married,Y
1771,33,Male,Divorced,Y
1772,41,Male,Divorced,Y
1774,34,Male,Divorced,Y
1775,53,Female,Married,Y
1778,43,Male,Single,Y
1779,34,Female,Single,Y
1780,21,Male,Single,Y
1782,38,Female,Married,Y
1783,22,Female,Married,Y
1784,31,Female,Married,Y
1786,51,Female,Married,Y
1787,37,Male,Married,Y
1789,46,Male,Divorced,Y
1790,36,Male,Married,Y
1792,44,Male,Divorced,Y
1794,37,Male,Divorced,Y
1797,35,Male,Single,Y
1798,33,Male,Married,Y
1799,28,Male,Married,Y
1800,39,Male,Single,Y
1801,46,Male,Single,Y
1802,40,Female,Married,Y
1803,42,Male,Married,Y
1804,35,Male,Divorced,Y
1805,38,Male,Divorced,Y
1807,34,Male,Married,Y
1809,37,Male,Single,Y
1812,39,Male,Divorced,Y
1813,43,Male,Single,Y
1814,41,Male,Single,Y
1815,41,Female,Divorced,Y
1816,30,Female,Single,Y
1818,26,Female,Married,Y
1821,46,Female,Married,Y
1822,40,Female,Divorced,Y
1823,34,Male,Married,Y
1824,58,Male,Divorced,Y
1826,35,Male,Married,Y
1827,47,Female,Divorced,Y
1829,40,Female,Divorced,Y
1830,54,Female,Married,Y
1833,31,Female,Married,Y
1834,28,Female,Married,Y
1835,38,Female,Married,Y
1836,26,Male,Single,Y
1837,58,Male,Married,Y
1839,18,Female,Single,Y
1842,31,Male,Married,Y
1844,29,Male,Divorced,Y
1845,45,Female,Married,Y
1847,36,Female,Married,Y
1849,43,Male,Married,Y
1850,27,Female,Single,Y
1852,29,Male,Married,Y
1853,32,Male,Single,Y
1854,42,Male,Married,Y
1856,47,Female,Single,Y
1857,46,Male,Divorced,Y
1858,28,Male,Divorced,Y
1859,29,Male,Divorced,Y
1860,42,Male,Single,Y
1862,32,Male,Single,Y
1863,46,Female,Divorced,Y
1864,27,Female,Married,Y
1865,29,Male,Married,Y
1866,43,Female,Married,Y
1867,48,Male,Married,Y
1868,29,Male,Single,Y
1869,46,Female,Married,Y
1870,27,Female,Married,Y
1871,39,Male,Divorced,Y
1873,55,Male,Married,Y
1875,28,Female,Married,Y
1876,30,Male,Single,Y
1878,22,Male,Single,Y
1880,36,Female,Married,Y
1881,31,Male,Divorced,Y
1882,34,Male,Married,Y
1883,29,Male,Single,Y
1885,37,Male,Married,Y
1886,35,Female,Married,Y
1888,45,Female,Married,Y
1890,36,Male,Single,Y
1892,40,Male,Divorced,Y
1893,26,Female,Married,Y
1898,27,Female,Single,Y
1900,48,Female,Divorced,Y
1903,44,Male,Married,Y
1905,34,Male,Married,Y
1907,56,Male,Single,Y
1908,36,Male,Married,Y
1909,41,Female,Married,Y
1911,42,Male,Married,Y
1912,31,Female,Divorced,Y
1915,34,Female,Married,Y
1916,31,Female,Divorced,Y
1918,26,Male,Married,Y
1922,45,Male,Single,Y
1924,33,Male,Single,Y
1927,28,Male,Married,Y
1928,29,Male,Single,Y
1929,39,Female,Married,Y
1931,27,Male,Married,Y
1932,34,Male,Married,Y
1933,28,Female,Single,Y
1934,47,Male,Married,Y
1935,56,Female,Married,Y
1936,39,Male,Married,Y
1937,38,Female,Divorced,Y
1938,58,Female,Married,Y
1939,32,Female,Single,Y
1940,38,Male,Divorced,Y
1941,49,Male,Married,Y
1943,42,Male,Divorced,Y
1944,27,Female,Married,Y
1945,35,Male,Married,Y
1947,28,Male,Single,Y
1948,31,Male,Divorced,Y
1949,36,Male,Married,Y
1950,34,Male,Single,Y
1951,34,Male,Divorced,Y
1952,26,Male,Single,Y
1954,29,Male,Married,Y
1955,32,Female,Divorced,Y
1956,31,Male,Married,Y
1960,28,Male,Divorced,Y
1961,38,Male,Single,Y
1962,35,Female,Married,Y
1965,27,Male,Single,Y
1966,32,Male,Single,Y
1967,31,Male,Married,Y
1968,53,Male,Single,Y
1969,54,Female,Married,Y
1970,33,Male,Divorced,Y
1971,43,Male,Married,Y
1972,38,Male,Married,Y
1973,55,Male,Married,Y
1974,31,Female,Divorced,Y
1975,39,Male,Single,Y
1976,42,Male,Single,Y
1979,31,Female,Married,Y
1980,54,Female,Single,Y
1981,24,Male,Single,Y
1982,23,Male,Single,Y
1985,40,Female,Married,Y
1986,40,Female,Married,Y
1987,25,Female,Married,Y
1989,30,Male,Married,Y
1992,25,Male,Divorced,Y
1993,47,Male,Single,Y
1994,33,Male,Divorced,Y
1995,38,Male,Married,Y
1996,31,Male,Married,Y
1997,38,Male,Married,Y
1998,42,Male,Divorced,Y
1999,41,Male,Married,Y
2000,47,Female,Married,Y
2003,35,Male,Married,Y
2007,22,Male,Single,Y
2008,35,Male,Single,Y
2009,33,Female,Married,Y
2010,32,Female,Single,Y
2012,40,Male,Married,Y
2013,32,Male,Married,Y
2014,39,Male,Single,Y
2015,38,Female,Married,Y
2016,32,Female,Married,Y
2017,37,Female,Married,Y
2018,25,Female,Divorced,Y
2019,52,Male,Divorced,Y
2020,44,Male,Single,Y
2021,21,Male,Single,Y
2022,39,Male,Single,Y
2023,23,Male,Married,Y
2024,36,Female,Married,Y
2025,36,Female,Divorced,Y
2026,56,Male,Divorced,Y
2027,29,Male,Married,Y
2031,42,Male,Married,Y
2032,56,Male,Married,Y
2034,41,Female,Married,Y
2035,34,Female,Married,Y
2036,36,Male,Divorced,Y
2037,41,Male,Divorced,Y
2038,32,Male,Single,Y
2040,35,Female,Single,Y
2041,38,Female,Married,Y
2044,50,Male,Divorced,Y
2045,36,Female,Married,Y
2046,45,Female,Single,Y
2048,40,Male,Single,Y
2049,35,Male,Married,Y
2051,40,Female,Married,Y
2052,35,Female,Married,Y
2053,29,Male,Married,Y
2054,29,Female,Single,Y
2055,50,Male,Divorced,Y
2056,39,Female,Married,Y
2057,31,Male,Single,Y
2060,26,Female,Single,Y
2061,36,Male,Married,Y
2062,39,Male,Married,Y
2064,27,Male,Married,Y
2065,49,Male,Married,Y
2068,34,Male,Married,Y
